,ID_ESCOLA,TX_RESP_Q019_F,TX_RESP_Q023_F,TX_RESP_Q013_C,TX_RESP_Q012_C,TX_RESP_Q014_C,IN_LABORATORIO_CIENCIAS,TX_RESP_Q012_B,IN_COMUM_EJA_FUND,IN_EJA,TX_RESP_Q042_B,TX_RESP_Q041_C,IN_COMUM_FUND_AF,TX_RESP_Q042_C,TX_RESP_Q004_F,TX_RESP_Q004_H,TX_RESP_Q004_G,Classe-IDEB
0,26106582,0.0,2.0,2.0,1.0,6.0,0.0,8.0,1.0,1.0,8.0,5.0,1.0,0.0,1.0,0.0,0.0,Abaixo da média
1,26106612,1.0,2.0,6.0,3.0,14.0,0.0,16.0,1.0,1.0,2.0,2.0,1.0,1.0,1.0,0.0,0.0,Abaixo da média
2,26106698,0.0,0.0,1.0,2.0,10.0,0.0,14.0,0.0,0.0,3.0,3.0,1.0,1.0,3.0,0.0,1.0,Abaixo da média
3,26106957,10.0,2.0,4.0,4.0,24.0,0.0,29.0,0.0,1.0,3.0,5.0,0.0,2.0,1.0,0.0,1.0,Média
4,26107074,0.0,1.0,4.0,1.0,9.0,0.0,10.0,1.0,1.0,1.0,1.0,1.0,0.0,1.0,0.0,0.0,Abaixo da média
5,26137149,2.0,3.0,4.0,1.0,8.0,0.0,17.0,1.0,1.0,1.0,1.0,1.0,0.0,0.0,0.0,0.0,Acima da média
6,26014564,4.0,3.0,2.0,4.0,12.0,1.0,24.0,0.0,1.0,14.0,7.0,1.0,2.0,6.0,0.0,2.0,Abaixo da média
7,26014670,9.0,7.0,9.0,6.0,21.0,1.0,17.0,0.0,0.0,3.0,4.0,0.0,1.0,0.0,0.0,0.0,Acima da média
8,26187566,1.0,0.0,0.0,0.0,1.0,0.0,4.0,0.0,1.0,2.0,5.0,0.0,1.0,2.0,3.0,2.0,Abaixo da média
9,26081849,4.0,4.0,1.0,3.0,29.0,1.0,36.0,0.0,1.0,7.0,10.0,0.0,0.0,2.0,1.0,1.0,Abaixo da média
10,26096358,4.0,0.0,1.0,0.0,8.0,0.0,9.0,1.0,1.0,5.0,2.0,0.0,1.0,5.0,2.0,0.0,Abaixo da média
11,26049562,9.0,1.0,4.0,4.0,17.0,0.0,25.0,0.0,0.0,7.0,10.0,0.0,0.0,7.0,1.0,4.0,Abaixo da média
12,26086905,12.0,3.0,6.0,8.0,37.0,0.0,24.0,0.0,0.0,7.0,8.0,0.0,1.0,5.0,0.0,2.0,Acima da média
13,26087022,0.0,0.0,0.0,0.0,1.0,1.0,1.0,1.0,1.0,1.0,1.0,1.0,0.0,1.0,0.0,0.0,Abaixo da média
14,26082020,1.0,2.0,4.0,2.0,18.0,0.0,25.0,1.0,1.0,14.0,27.0,1.0,11.0,13.0,15.0,5.0,Abaixo da média
15,26082179,6.0,3.0,5.0,6.0,21.0,1.0,22.0,0.0,0.0,4.0,6.0,0.0,0.0,5.0,0.0,0.0,Acima da média
16,26097117,12.0,8.0,3.0,0.0,17.0,0.0,11.0,0.0,0.0,0.0,4.0,0.0,0.0,1.0,0.0,1.0,Acima da média
17,26097249,1.0,1.0,1.0,0.0,5.0,0.0,8.0,1.0,1.0,6.0,6.0,0.0,2.0,1.0,2.0,2.0,Acima da média
18,26071924,5.0,2.0,2.0,1.0,22.0,0.0,19.0,0.0,1.0,13.0,14.0,0.0,1.0,5.0,6.0,4.0,Abaixo da média
19,26000024,3.0,2.0,1.0,3.0,11.0,1.0,17.0,0.0,1.0,5.0,2.0,0.0,0.0,0.0,0.0,0.0,Acima da média
20,26000636,3.0,1.0,0.0,0.0,6.0,0.0,10.0,0.0,0.0,4.0,7.0,1.0,0.0,3.0,1.0,3.0,Abaixo da média
21,26000741,3.0,2.0,5.0,0.0,15.0,1.0,31.0,1.0,1.0,8.0,3.0,1.0,3.0,8.0,0.0,1.0,Abaixo da média
22,26000792,0.0,0.0,2.0,0.0,1.0,0.0,11.0,1.0,1.0,1.0,2.0,1.0,0.0,3.0,0.0,1.0,Abaixo da média
23,26001225,4.0,0.0,3.0,1.0,3.0,0.0,6.0,1.0,1.0,2.0,1.0,1.0,0.0,1.0,0.0,0.0,Média
24,26001594,2.0,0.0,0.0,0.0,0.0,0.0,3.0,1.0,1.0,3.0,2.0,1.0,1.0,4.0,1.0,2.0,Abaixo da média
25,26001624,2.0,0.0,1.0,1.0,4.0,0.0,9.0,1.0,1.0,1.0,2.0,1.0,0.0,3.0,0.0,0.0,Abaixo da média
26,26001896,1.0,0.0,0.0,0.0,0.0,0.0,6.0,0.0,0.0,1.0,2.0,1.0,0.0,1.0,0.0,1.0,Abaixo da média
27,26179474,32.0,14.0,17.0,13.0,45.0,0.0,41.0,0.0,0.0,5.0,3.0,0.0,0.0,1.0,0.0,0.0,Acima da média
28,26024721,5.0,2.0,3.0,2.0,15.0,0.0,29.0,1.0,1.0,22.0,19.0,1.0,4.0,10.0,8.0,4.0,Abaixo da média
29,26024730,12.0,7.0,8.0,4.0,30.0,1.0,41.0,0.0,0.0,8.0,15.0,0.0,2.0,3.0,1.0,0.0,Acima da média
30,26024764,3.0,2.0,0.0,1.0,2.0,0.0,10.0,0.0,0.0,6.0,11.0,1.0,4.0,5.0,1.0,3.0,Abaixo da média
31,26024802,4.0,2.0,3.0,5.0,14.0,1.0,22.0,1.0,1.0,11.0,8.0,1.0,4.0,6.0,9.0,3.0,Abaixo da média
32,26097354,0.0,0.0,0.0,0.0,0.0,0.0,3.0,0.0,0.0,3.0,1.0,1.0,1.0,3.0,1.0,1.0,Abaixo da média
33,26097370,0.0,2.0,0.0,0.0,2.0,1.0,6.0,1.0,1.0,5.0,10.0,1.0,2.0,7.0,2.0,2.0,Abaixo da média
34,26038935,3.0,0.0,0.0,0.0,5.0,0.0,7.0,1.0,1.0,3.0,5.0,1.0,2.0,3.0,1.0,0.0,Abaixo da média
35,26139120,1.0,1.0,2.0,0.0,5.0,0.0,4.0,0.0,0.0,3.0,2.0,0.0,1.0,2.0,3.0,1.0,Abaixo da média
36,26050102,2.0,1.0,1.0,0.0,5.0,0.0,15.0,0.0,1.0,4.0,5.0,0.0,0.0,3.0,0.0,0.0,Acima da média
37,26051176,3.0,0.0,2.0,1.0,9.0,1.0,18.0,0.0,1.0,4.0,17.0,1.0,3.0,11.0,1.0,1.0,Abaixo da média
38,26051702,1.0,1.0,1.0,0.0,3.0,0.0,8.0,1.0,1.0,5.0,3.0,1.0,3.0,1.0,8.0,1.0,Abaixo da média
39,26051737,1.0,4.0,2.0,3.0,21.0,0.0,32.0,0.0,0.0,19.0,21.0,1.0,3.0,11.0,3.0,4.0,Abaixo da média
40,26051761,1.0,2.0,1.0,0.0,9.0,0.0,13.0,0.0,0.0,2.0,8.0,1.0,1.0,6.0,2.0,1.0,Abaixo da média
41,26185725,2.0,1.0,0.0,0.0,3.0,0.0,9.0,0.0,1.0,3.0,3.0,0.0,0.0,1.0,0.0,0.0,Abaixo da média
42,26072254,15.0,4.0,7.0,4.0,26.0,1.0,31.0,0.0,0.0,6.0,3.0,0.0,0.0,3.0,0.0,0.0,Média
43,26067552,2.0,2.0,2.0,3.0,13.0,0.0,12.0,0.0,0.0,9.0,7.0,0.0,1.0,2.0,1.0,0.0,Abaixo da média
44,26083566,0.0,0.0,0.0,1.0,3.0,0.0,10.0,1.0,1.0,5.0,3.0,1.0,3.0,3.0,5.0,2.0,Abaixo da média
45,26015315,3.0,3.0,3.0,3.0,5.0,0.0,9.0,0.0,1.0,3.0,4.0,1.0,1.0,1.0,1.0,2.0,Abaixo da média
46,26087375,3.0,2.0,2.0,1.0,5.0,0.0,12.0,1.0,1.0,7.0,4.0,0.0,2.0,6.0,1.0,1.0,Abaixo da média
47,26087529,3.0,0.0,3.0,1.0,9.0,1.0,7.0,0.0,0.0,2.0,2.0,1.0,0.0,2.0,1.0,1.0,Abaixo da média
48,26046040,3.0,4.0,3.0,3.0,13.0,1.0,36.0,1.0,1.0,29.0,29.0,1.0,10.0,32.0,27.0,8.0,Abaixo da média
49,26129922,13.0,8.0,12.0,6.0,68.0,0.0,80.0,1.0,1.0,10.0,17.0,1.0,6.0,17.0,5.0,3.0,Média
50,26130114,12.0,9.0,13.0,9.0,54.0,1.0,59.0,0.0,0.0,4.0,7.0,0.0,1.0,2.0,0.0,1.0,Acima da média
51,26032082,1.0,2.0,4.0,4.0,16.0,0.0,14.0,1.0,1.0,10.0,9.0,1.0,3.0,0.0,4.0,2.0,Abaixo da média
52,26107546,1.0,2.0,3.0,1.0,10.0,0.0,2.0,1.0,1.0,0.0,1.0,1.0,0.0,0.0,0.0,1.0,Abaixo da média
53,26107562,4.0,1.0,4.0,1.0,9.0,0.0,9.0,1.0,1.0,2.0,2.0,1.0,1.0,0.0,0.0,0.0,Abaixo da média
54,26107570,0.0,2.0,4.0,1.0,11.0,0.0,12.0,1.0,1.0,1.0,4.0,0.0,1.0,1.0,0.0,0.0,Acima da média
55,26107600,11.0,4.0,10.0,8.0,51.0,0.0,41.0,1.0,1.0,12.0,12.0,1.0,2.0,6.0,2.0,1.0,Abaixo da média
56,26107678,26.0,15.0,30.0,16.0,65.0,1.0,66.0,1.0,1.0,2.0,6.0,1.0,1.0,0.0,1.0,0.0,Acima da média
57,26107961,1.0,0.0,4.0,0.0,13.0,0.0,8.0,1.0,1.0,9.0,18.0,1.0,4.0,7.0,4.0,4.0,Abaixo da média
58,26107996,0.0,0.0,0.0,0.0,0.0,0.0,0.0,1.0,1.0,1.0,2.0,1.0,0.0,0.0,1.0,0.0,Acima da média
59,26108046,0.0,0.0,2.0,0.0,7.0,0.0,13.0,1.0,1.0,4.0,8.0,1.0,1.0,3.0,1.0,1.0,Abaixo da média
60,26108275,0.0,1.0,2.0,1.0,7.0,0.0,6.0,0.0,0.0,1.0,4.0,1.0,0.0,0.0,1.0,0.0,Abaixo da média
61,26165112,2.0,0.0,1.0,0.0,4.0,0.0,6.0,0.0,0.0,8.0,10.0,1.0,1.0,3.0,2.0,1.0,Abaixo da média
62,26087715,9.0,1.0,1.0,1.0,9.0,0.0,17.0,0.0,1.0,1.0,7.0,0.0,1.0,5.0,1.0,1.0,Abaixo da média
63,26016010,0.0,1.0,2.0,1.0,5.0,1.0,12.0,1.0,1.0,4.0,4.0,0.0,2.0,4.0,0.0,0.0,Abaixo da média
64,26016028,17.0,2.0,5.0,2.0,16.0,1.0,23.0,0.0,0.0,0.0,1.0,0.0,0.0,0.0,0.0,0.0,Acima da média
65,26040280,15.0,3.0,3.0,5.0,12.0,0.0,14.0,1.0,1.0,3.0,2.0,0.0,0.0,2.0,0.0,0.0,Acima da média
66,26087910,9.0,8.0,16.0,3.0,52.0,1.0,52.0,0.0,1.0,11.0,14.0,0.0,1.0,8.0,0.0,1.0,Acima da média
67,26087928,11.0,1.0,5.0,4.0,33.0,1.0,26.0,0.0,1.0,4.0,10.0,1.0,2.0,4.0,1.0,2.0,Média
68,26088134,2.0,0.0,4.0,1.0,22.0,1.0,13.0,1.0,1.0,3.0,10.0,1.0,0.0,5.0,4.0,1.0,Abaixo da média
69,26088258,14.0,6.0,9.0,7.0,27.0,1.0,29.0,0.0,0.0,3.0,7.0,1.0,2.0,1.0,1.0,1.0,Abaixo da média
70,26088282,16.0,7.0,8.0,6.0,55.0,1.0,40.0,0.0,0.0,2.0,2.0,0.0,0.0,1.0,0.0,0.0,Acima da média
71,26054060,4.0,2.0,6.0,3.0,19.0,0.0,27.0,0.0,0.0,22.0,19.0,0.0,2.0,11.0,7.0,3.0,Abaixo da média
72,26054140,10.0,6.0,14.0,7.0,57.0,0.0,56.0,0.0,1.0,3.0,4.0,0.0,0.0,0.0,0.0,0.0,Acima da média
73,26054809,8.0,1.0,13.0,0.0,34.0,0.0,45.0,0.0,1.0,4.0,0.0,0.0,1.0,0.0,0.0,0.0,Acima da média
74,26054876,14.0,4.0,16.0,9.0,89.0,0.0,110.0,0.0,0.0,38.0,37.0,0.0,6.0,22.0,10.0,6.0,Abaixo da média
75,26054884,4.0,2.0,3.0,1.0,13.0,0.0,21.0,0.0,0.0,4.0,3.0,1.0,0.0,1.0,0.0,0.0,Abaixo da média
76,26055082,5.0,4.0,11.0,3.0,29.0,1.0,31.0,0.0,1.0,6.0,1.0,0.0,1.0,1.0,0.0,0.0,Acima da média
77,26098482,26.0,15.0,16.0,6.0,42.0,1.0,54.0,0.0,0.0,6.0,8.0,0.0,2.0,4.0,0.0,0.0,Acima da média
78,26009315,15.0,4.0,5.0,7.0,18.0,0.0,14.0,0.0,1.0,2.0,4.0,0.0,0.0,1.0,0.0,0.0,Acima da média
79,26009323,0.0,0.0,1.0,0.0,4.0,0.0,7.0,1.0,1.0,7.0,11.0,1.0,4.0,2.0,8.0,3.0,Abaixo da média
80,26088533,2.0,3.0,2.0,2.0,22.0,0.0,11.0,0.0,1.0,11.0,23.0,1.0,2.0,13.0,8.0,5.0,Abaixo da média
81,26098822,7.0,6.0,7.0,2.0,32.0,1.0,38.0,0.0,1.0,2.0,4.0,0.0,1.0,8.0,0.0,1.0,Acima da média
82,26067803,21.0,1.0,6.0,2.0,29.0,1.0,40.0,0.0,1.0,4.0,5.0,0.0,2.0,9.0,0.0,3.0,Acima da média
83,26084201,8.0,1.0,8.0,3.0,28.0,1.0,34.0,0.0,1.0,4.0,1.0,0.0,0.0,0.0,0.0,0.0,Acima da média
84,26025981,6.0,1.0,3.0,3.0,18.0,1.0,29.0,0.0,0.0,13.0,24.0,1.0,4.0,13.0,9.0,4.0,Abaixo da média
85,26026627,47.0,13.0,20.0,7.0,64.0,1.0,72.0,0.0,0.0,6.0,6.0,0.0,3.0,2.0,0.0,0.0,Acima da média
86,26181649,9.0,2.0,1.0,2.0,4.0,1.0,15.0,1.0,1.0,7.0,5.0,1.0,1.0,10.0,3.0,4.0,Abaixo da média
87,26033089,3.0,0.0,1.0,2.0,1.0,0.0,4.0,0.0,0.0,1.0,4.0,0.0,2.0,3.0,0.0,2.0,Acima da média
88,26033356,13.0,5.0,10.0,4.0,24.0,1.0,43.0,1.0,1.0,0.0,3.0,0.0,0.0,3.0,0.0,0.0,Acima da média
89,26099322,5.0,0.0,4.0,2.0,15.0,0.0,22.0,0.0,1.0,6.0,10.0,1.0,0.0,8.0,4.0,1.0,Abaixo da média
90,26099365,1.0,0.0,2.0,1.0,5.0,0.0,3.0,1.0,1.0,0.0,4.0,1.0,0.0,0.0,0.0,0.0,Abaixo da média
91,26099489,20.0,5.0,10.0,3.0,30.0,1.0,29.0,0.0,0.0,2.0,4.0,0.0,0.0,3.0,0.0,0.0,Abaixo da média
92,26003066,31.0,9.0,9.0,5.0,37.0,1.0,52.0,0.0,0.0,2.0,6.0,0.0,0.0,4.0,0.0,1.0,Acima da média
93,26003210,7.0,1.0,2.0,2.0,15.0,0.0,35.0,1.0,1.0,14.0,16.0,1.0,7.0,12.0,10.0,10.0,Abaixo da média
94,26003821,3.0,2.0,0.0,0.0,5.0,1.0,17.0,1.0,1.0,1.0,2.0,1.0,0.0,1.0,0.0,0.0,Abaixo da média
95,26068508,3.0,1.0,1.0,1.0,11.0,0.0,20.0,0.0,0.0,5.0,21.0,1.0,0.0,12.0,3.0,3.0,Abaixo da média
96,26132001,3.0,2.0,3.0,2.0,5.0,0.0,1.0,1.0,1.0,0.0,1.0,1.0,0.0,0.0,0.0,0.0,Média
97,26088606,4.0,3.0,1.0,2.0,9.0,0.0,12.0,0.0,1.0,2.0,5.0,0.0,1.0,3.0,0.0,2.0,Abaixo da média
98,26016540,10.0,1.0,0.0,1.0,5.0,0.0,20.0,0.0,1.0,2.0,2.0,0.0,1.0,2.0,0.0,0.0,Acima da média
99,26016729,3.0,0.0,0.0,1.0,5.0,1.0,9.0,1.0,1.0,0.0,1.0,1.0,0.0,0.0,0.0,0.0,Acima da média
100,26133974,9.0,2.0,4.0,5.0,13.0,0.0,24.0,1.0,1.0,6.0,13.0,1.0,2.0,7.0,2.0,4.0,Abaixo da média
101,26040972,7.0,3.0,4.0,2.0,11.0,0.0,14.0,1.0,1.0,6.0,3.0,1.0,0.0,2.0,1.0,0.0,Abaixo da média
102,26041200,2.0,0.0,2.0,1.0,4.0,0.0,5.0,1.0,1.0,3.0,5.0,1.0,2.0,4.0,0.0,1.0,Abaixo da média
103,26063522,2.0,0.0,3.0,2.0,16.0,0.0,29.0,0.0,0.0,16.0,10.0,0.0,4.0,5.0,8.0,4.0,Média
104,26063530,3.0,3.0,3.0,0.0,9.0,0.0,22.0,0.0,0.0,3.0,7.0,1.0,2.0,0.0,2.0,0.0,Acima da média
105,26075970,0.0,0.0,0.0,0.0,2.0,0.0,3.0,1.0,1.0,0.0,2.0,1.0,0.0,0.0,0.0,2.0,Abaixo da média
106,26076047,2.0,2.0,2.0,0.0,8.0,0.0,19.0,1.0,1.0,4.0,4.0,1.0,0.0,5.0,0.0,1.0,Abaixo da média
107,26132230,20.0,11.0,26.0,6.0,49.0,0.0,46.0,0.0,0.0,1.0,0.0,1.0,0.0,0.0,0.0,0.0,Acima da média
108,26093570,13.0,5.0,3.0,2.0,26.0,1.0,33.0,0.0,0.0,1.0,0.0,0.0,0.0,0.0,0.0,0.0,Acima da média
109,26088851,7.0,3.0,5.0,2.0,19.0,1.0,12.0,0.0,0.0,3.0,6.0,0.0,1.0,1.0,0.0,0.0,Acima da média
110,26088886,19.0,9.0,12.0,9.0,39.0,0.0,56.0,0.0,0.0,13.0,18.0,0.0,4.0,5.0,5.0,3.0,Abaixo da média
111,26089424,7.0,2.0,4.0,2.0,23.0,1.0,17.0,0.0,1.0,2.0,3.0,0.0,3.0,2.0,0.0,0.0,Abaixo da média
112,26004453,2.0,1.0,1.0,3.0,3.0,0.0,2.0,0.0,0.0,2.0,8.0,1.0,0.0,2.0,1.0,1.0,Abaixo da média
113,26056623,4.0,4.0,5.0,2.0,29.0,0.0,49.0,0.0,1.0,27.0,44.0,0.0,11.0,28.0,16.0,10.0,Abaixo da média
114,26027828,15.0,5.0,6.0,8.0,17.0,0.0,23.0,0.0,0.0,4.0,5.0,0.0,0.0,2.0,0.0,2.0,Acima da média
115,26027836,1.0,0.0,1.0,0.0,5.0,0.0,16.0,0.0,0.0,12.0,9.0,1.0,4.0,10.0,6.0,3.0,Acima da média
116,26084317,3.0,2.0,0.0,1.0,4.0,0.0,11.0,0.0,1.0,4.0,8.0,0.0,0.0,4.0,1.0,3.0,Abaixo da média
117,26105195,1.0,4.0,8.0,7.0,33.0,1.0,42.0,0.0,1.0,4.0,0.0,1.0,1.0,0.0,0.0,0.0,Acima da média
118,26105519,18.0,13.0,21.0,6.0,97.0,1.0,93.0,1.0,1.0,15.0,33.0,1.0,6.0,8.0,7.0,1.0,Abaixo da média
119,26017598,2.0,1.0,1.0,1.0,5.0,0.0,10.0,0.0,0.0,0.0,1.0,0.0,1.0,0.0,2.0,1.0,Abaixo da média
120,26018020,0.0,0.0,1.0,0.0,2.0,0.0,4.0,0.0,0.0,2.0,0.0,0.0,1.0,0.0,0.0,0.0,Abaixo da média
121,26130947,5.0,3.0,3.0,8.0,25.0,0.0,34.0,0.0,1.0,5.0,7.0,0.0,3.0,8.0,3.0,3.0,Abaixo da média
122,26131684,16.0,6.0,12.0,3.0,53.0,1.0,53.0,0.0,1.0,9.0,2.0,0.0,0.0,1.0,0.0,0.0,Abaixo da média
123,26004518,14.0,3.0,3.0,0.0,19.0,1.0,19.0,0.0,0.0,0.0,0.0,0.0,0.0,0.0,0.0,0.0,Acima da média
124,26004593,8.0,2.0,5.0,3.0,17.0,0.0,29.0,0.0,1.0,12.0,13.0,1.0,1.0,9.0,4.0,5.0,Abaixo da média
125,26185059,12.0,2.0,6.0,11.0,15.0,0.0,38.0,0.0,0.0,19.0,11.0,0.0,6.0,14.0,10.0,5.0,Média
126,26047187,3.0,0.0,2.0,0.0,3.0,1.0,11.0,0.0,1.0,3.0,3.0,0.0,1.0,2.0,1.0,2.0,Acima da média
127,26106060,2.0,3.0,3.0,1.0,19.0,0.0,16.0,0.0,0.0,1.0,0.0,1.0,0.0,0.0,0.0,0.0,Acima da média
128,26106159,5.0,4.0,3.0,1.0,23.0,0.0,14.0,1.0,1.0,4.0,0.0,1.0,0.0,1.0,0.0,0.0,Abaixo da média
129,26089530,11.0,5.0,9.0,3.0,43.0,0.0,41.0,0.0,1.0,13.0,25.0,0.0,2.0,16.0,2.0,5.0,Abaixo da média
130,26089840,0.0,0.0,0.0,0.0,0.0,0.0,0.0,0.0,0.0,0.0,0.0,1.0,0.0,1.0,0.0,0.0,Abaixo da média
131,26106337,7.0,4.0,2.0,1.0,17.0,0.0,10.0,1.0,1.0,8.0,11.0,1.0,2.0,2.0,0.0,0.0,Abaixo da média
132,26106353,1.0,0.0,0.0,0.0,4.0,0.0,7.0,1.0,1.0,1.0,4.0,1.0,1.0,2.0,0.0,0.0,Abaixo da média
133,26106388,7.0,7.0,8.0,1.0,27.0,1.0,23.0,0.0,0.0,3.0,1.0,0.0,0.0,1.0,0.0,0.0,Acima da média
134,26108801,2.0,2.0,4.0,0.0,10.0,1.0,17.0,1.0,1.0,2.0,2.0,1.0,0.0,0.0,1.0,0.0,Abaixo da média
135,26109115,11.0,6.0,14.0,4.0,33.0,0.0,28.0,0.0,1.0,3.0,8.0,0.0,0.0,0.0,0.0,1.0,Abaixo da média
136,26110016,2.0,0.0,2.0,2.0,11.0,0.0,9.0,1.0,1.0,0.0,2.0,1.0,1.0,0.0,0.0,0.0,Abaixo da média
137,26110229,2.0,3.0,4.0,1.0,10.0,0.0,12.0,1.0,1.0,5.0,4.0,1.0,0.0,4.0,0.0,0.0,Abaixo da média
138,26110237,3.0,1.0,3.0,2.0,23.0,1.0,22.0,1.0,1.0,6.0,14.0,1.0,2.0,3.0,5.0,0.0,Abaixo da média
139,26110245,10.0,9.0,12.0,3.0,23.0,1.0,27.0,0.0,1.0,6.0,7.0,1.0,0.0,5.0,0.0,0.0,Acima da média
140,26110270,11.0,8.0,10.0,4.0,25.0,1.0,36.0,0.0,0.0,4.0,5.0,0.0,2.0,3.0,0.0,0.0,Acima da média
141,26110849,3.0,1.0,3.0,0.0,21.0,0.0,17.0,1.0,1.0,12.0,11.0,1.0,1.0,6.0,3.0,3.0,Abaixo da média
142,26110970,4.0,4.0,5.0,2.0,9.0,0.0,17.0,1.0,1.0,2.0,11.0,1.0,0.0,4.0,0.0,0.0,Abaixo da média
143,26111020,2.0,2.0,2.0,0.0,15.0,0.0,13.0,0.0,1.0,3.0,3.0,0.0,1.0,2.0,0.0,0.0,Abaixo da média
144,26111071,5.0,7.0,9.0,4.0,25.0,0.0,27.0,0.0,1.0,6.0,5.0,1.0,2.0,3.0,4.0,0.0,Abaixo da média
145,26111349,0.0,1.0,3.0,2.0,26.0,0.0,30.0,0.0,1.0,21.0,15.0,1.0,8.0,14.0,17.0,3.0,Abaixo da média
146,26111411,4.0,4.0,6.0,0.0,19.0,0.0,24.0,0.0,1.0,17.0,23.0,1.0,7.0,16.0,8.0,9.0,Abaixo da média
147,26042053,19.0,4.0,6.0,5.0,25.0,1.0,45.0,0.0,0.0,1.0,7.0,0.0,0.0,2.0,1.0,0.0,Acima da média
148,26042525,0.0,0.0,0.0,1.0,4.0,0.0,3.0,1.0,1.0,3.0,3.0,1.0,0.0,2.0,0.0,0.0,Abaixo da média
149,26068729,13.0,2.0,1.0,3.0,22.0,1.0,25.0,0.0,0.0,4.0,6.0,0.0,0.0,2.0,0.0,2.0,Acima da média
150,26084791,2.0,5.0,3.0,1.0,21.0,1.0,27.0,1.0,1.0,3.0,4.0,0.0,0.0,6.0,0.0,0.0,Abaixo da média
151,26069210,8.0,5.0,4.0,2.0,28.0,1.0,30.0,0.0,0.0,10.0,25.0,1.0,2.0,14.0,3.0,5.0,Acima da média
152,26069288,3.0,2.0,3.0,4.0,17.0,1.0,19.0,0.0,1.0,4.0,4.0,0.0,0.0,0.0,0.0,0.0,Acima da média
153,26069555,1.0,0.0,3.0,0.0,6.0,0.0,5.0,0.0,1.0,9.0,13.0,1.0,0.0,2.0,3.0,2.0,Abaixo da média
154,26069652,7.0,2.0,6.0,2.0,27.0,1.0,22.0,0.0,1.0,10.0,27.0,1.0,3.0,8.0,4.0,3.0,Abaixo da média
155,26090406,5.0,2.0,2.0,2.0,8.0,0.0,15.0,1.0,1.0,7.0,3.0,1.0,2.0,10.0,2.0,1.0,Abaixo da média
156,26090759,0.0,0.0,1.0,0.0,2.0,0.0,0.0,0.0,0.0,5.0,2.0,1.0,2.0,1.0,2.0,1.0,Abaixo da média
157,26090767,1.0,0.0,0.0,0.0,2.0,0.0,9.0,0.0,0.0,2.0,4.0,1.0,1.0,2.0,0.0,0.0,Abaixo da média
158,26009390,12.0,3.0,2.0,2.0,11.0,1.0,21.0,0.0,1.0,2.0,2.0,0.0,0.0,0.0,0.0,0.0,Acima da média
159,26009617,1.0,0.0,0.0,0.0,2.0,0.0,7.0,0.0,0.0,1.0,4.0,1.0,0.0,2.0,3.0,1.0,Abaixo da média
160,26111853,5.0,4.0,6.0,4.0,24.0,0.0,29.0,1.0,1.0,4.0,18.0,1.0,1.0,7.0,1.0,3.0,Abaixo da média
161,26090864,0.0,1.0,2.0,0.0,10.0,0.0,8.0,0.0,1.0,2.0,10.0,1.0,1.0,3.0,1.0,3.0,Abaixo da média
162,26090902,15.0,10.0,13.0,2.0,29.0,1.0,21.0,0.0,0.0,5.0,5.0,0.0,0.0,0.0,0.0,0.0,Acima da média
163,26090910,11.0,5.0,11.0,3.0,47.0,1.0,35.0,0.0,0.0,8.0,26.0,0.0,1.0,7.0,2.0,5.0,Abaixo da média
164,26090970,43.0,24.0,24.0,5.0,56.0,0.0,45.0,0.0,0.0,1.0,0.0,1.0,0.0,0.0,0.0,0.0,Acima da média
165,26113198,2.0,2.0,3.0,0.0,13.0,0.0,9.0,1.0,1.0,3.0,4.0,1.0,0.0,0.0,0.0,0.0,Abaixo da média
166,26113210,4.0,3.0,7.0,1.0,16.0,0.0,24.0,1.0,1.0,2.0,8.0,1.0,0.0,2.0,1.0,1.0,Abaixo da média
167,26113325,1.0,0.0,1.0,0.0,1.0,1.0,1.0,1.0,1.0,1.0,3.0,1.0,0.0,2.0,0.0,0.0,Abaixo da média
168,26113635,2.0,2.0,3.0,2.0,9.0,1.0,7.0,0.0,0.0,3.0,5.0,1.0,1.0,1.0,0.0,1.0,Abaixo da média
169,26113724,1.0,2.0,2.0,0.0,4.0,0.0,8.0,1.0,1.0,2.0,2.0,1.0,0.0,0.0,0.0,0.0,Abaixo da média
170,26113783,6.0,3.0,10.0,2.0,15.0,0.0,22.0,0.0,0.0,5.0,1.0,0.0,0.0,0.0,0.0,0.0,Acima da média
171,26113856,2.0,0.0,3.0,0.0,15.0,0.0,8.0,1.0,1.0,6.0,3.0,1.0,1.0,2.0,0.0,1.0,Abaixo da média
172,26113929,2.0,6.0,8.0,2.0,29.0,1.0,20.0,1.0,1.0,19.0,39.0,1.0,8.0,19.0,12.0,8.0,Abaixo da média
173,26114607,2.0,1.0,4.0,1.0,9.0,1.0,9.0,0.0,0.0,1.0,4.0,1.0,0.0,3.0,0.0,0.0,Abaixo da média
174,26114852,5.0,4.0,8.0,1.0,15.0,0.0,10.0,0.0,0.0,3.0,4.0,1.0,0.0,3.0,0.0,0.0,Abaixo da média
175,26115085,1.0,0.0,0.0,0.0,3.0,0.0,4.0,0.0,0.0,3.0,1.0,1.0,0.0,2.0,1.0,0.0,Abaixo da média
176,26135555,4.0,2.0,2.0,1.0,14.0,0.0,13.0,1.0,1.0,2.0,2.0,1.0,1.0,0.0,0.0,0.0,Abaixo da média
177,26136455,4.0,1.0,2.0,1.0,8.0,0.0,7.0,0.0,0.0,1.0,2.0,0.0,0.0,3.0,0.0,1.0,Acima da média
178,26033364,9.0,3.0,0.0,2.0,10.0,0.0,22.0,0.0,0.0,4.0,2.0,0.0,0.0,1.0,0.0,1.0,Abaixo da média
179,26146967,1.0,2.0,2.0,2.0,3.0,1.0,4.0,1.0,1.0,2.0,1.0,0.0,0.0,1.0,0.0,0.0,Abaixo da média
180,26005115,20.0,7.0,7.0,2.0,25.0,1.0,29.0,0.0,0.0,3.0,2.0,0.0,1.0,0.0,0.0,0.0,Acima da média
181,26006138,17.0,11.0,6.0,8.0,25.0,0.0,43.0,1.0,1.0,23.0,17.0,1.0,8.0,16.0,12.0,8.0,Abaixo da média
182,26006499,6.0,2.0,1.0,4.0,19.0,0.0,38.0,0.0,0.0,21.0,11.0,1.0,2.0,17.0,8.0,8.0,Abaixo da média
183,26101203,1.0,0.0,0.0,0.0,4.0,1.0,6.0,0.0,1.0,6.0,6.0,0.0,1.0,6.0,2.0,3.0,Abaixo da média
184,26101610,0.0,0.0,1.0,0.0,7.0,0.0,5.0,1.0,1.0,13.0,6.0,0.0,1.0,6.0,4.0,1.0,Abaixo da média
185,26167158,7.0,2.0,1.0,4.0,18.0,0.0,29.0,0.0,1.0,4.0,22.0,1.0,4.0,7.0,3.0,4.0,Abaixo da média
186,26178222,27.0,9.0,12.0,6.0,46.0,1.0,40.0,0.0,0.0,2.0,1.0,0.0,0.0,1.0,0.0,0.0,Acima da média
187,26148021,9.0,1.0,2.0,5.0,35.0,0.0,34.0,0.0,0.0,22.0,18.0,0.0,10.0,15.0,25.0,6.0,Abaixo da média
188,26010348,11.0,2.0,8.0,4.0,17.0,0.0,44.0,0.0,0.0,22.0,18.0,1.0,7.0,10.0,22.0,5.0,Abaixo da média
189,26070782,6.0,1.0,2.0,3.0,13.0,1.0,35.0,0.0,0.0,9.0,10.0,1.0,0.0,6.0,4.0,3.0,Abaixo da média
190,26091259,11.0,2.0,6.0,0.0,26.0,1.0,32.0,0.0,0.0,0.0,16.0,0.0,0.0,6.0,0.0,0.0,Acima da média
191,26091267,7.0,5.0,5.0,8.0,37.0,0.0,36.0,0.0,1.0,10.0,35.0,0.0,5.0,14.0,13.0,8.0,Abaixo da média
192,26091291,0.0,0.0,1.0,0.0,5.0,1.0,3.0,1.0,1.0,0.0,0.0,0.0,0.0,0.0,0.0,0.0,Acima da média
193,26091542,1.0,1.0,3.0,0.0,7.0,0.0,11.0,1.0,1.0,5.0,7.0,1.0,2.0,4.0,0.0,1.0,Abaixo da média
194,26169975,3.0,1.0,0.0,4.0,12.0,0.0,15.0,1.0,1.0,1.0,6.0,1.0,1.0,1.0,0.0,1.0,Abaixo da média
195,26115883,42.0,18.0,36.0,13.0,96.0,1.0,96.0,0.0,0.0,10.0,6.0,0.0,0.0,0.0,0.0,1.0,Acima da média
196,26115913,6.0,8.0,9.0,2.0,29.0,0.0,31.0,1.0,1.0,7.0,6.0,1.0,1.0,4.0,1.0,2.0,Abaixo da média
197,26116324,28.0,14.0,26.0,13.0,47.0,1.0,61.0,0.0,1.0,4.0,1.0,0.0,1.0,0.0,0.0,0.0,Acima da média
198,26116367,6.0,5.0,6.0,3.0,19.0,0.0,15.0,1.0,1.0,6.0,1.0,1.0,0.0,0.0,0.0,0.0,Abaixo da média
199,26116391,5.0,4.0,9.0,4.0,22.0,0.0,21.0,1.0,1.0,4.0,6.0,1.0,1.0,5.0,3.0,2.0,Abaixo da média
200,26116413,3.0,3.0,9.0,4.0,27.0,0.0,27.0,1.0,1.0,4.0,7.0,1.0,1.0,4.0,0.0,2.0,Abaixo da média
201,26117010,0.0,1.0,2.0,0.0,8.0,0.0,8.0,1.0,1.0,3.0,1.0,1.0,0.0,0.0,0.0,0.0,Abaixo da média
202,26117088,1.0,0.0,1.0,0.0,3.0,0.0,1.0,1.0,1.0,0.0,0.0,1.0,0.0,0.0,0.0,0.0,Abaixo da média
203,26117274,3.0,1.0,3.0,1.0,5.0,1.0,10.0,0.0,0.0,1.0,4.0,1.0,2.0,1.0,0.0,0.0,Abaixo da média
204,26117290,18.0,16.0,11.0,3.0,46.0,1.0,47.0,0.0,0.0,3.0,3.0,0.0,1.0,1.0,0.0,0.0,Acima da média
205,26048078,1.0,2.0,3.0,1.0,10.0,0.0,20.0,0.0,1.0,10.0,12.0,1.0,3.0,7.0,8.0,5.0,Abaixo da média
206,26058952,0.0,2.0,1.0,1.0,4.0,0.0,3.0,1.0,1.0,3.0,0.0,1.0,0.0,1.0,2.0,0.0,Abaixo da média
207,26058960,7.0,3.0,8.0,4.0,15.0,0.0,42.0,0.0,0.0,26.0,22.0,0.0,10.0,11.0,13.0,9.0,Abaixo da média
208,26042037,14.0,8.0,15.0,8.0,49.0,1.0,44.0,1.0,1.0,9.0,11.0,0.0,4.0,2.0,2.0,1.0,Abaixo da média
209,26042045,0.0,0.0,2.0,2.0,18.0,1.0,17.0,0.0,1.0,4.0,13.0,1.0,2.0,13.0,2.0,0.0,Abaixo da média
210,26042070,26.0,8.0,12.0,5.0,42.0,0.0,49.0,0.0,0.0,1.0,4.0,0.0,0.0,0.0,0.0,0.0,Acima da média
211,26042312,0.0,0.0,0.0,0.0,3.0,0.0,6.0,0.0,0.0,2.0,0.0,1.0,0.0,1.0,2.0,2.0,Abaixo da média
212,26154358,3.0,2.0,2.0,2.0,15.0,0.0,20.0,0.0,1.0,4.0,1.0,1.0,0.0,2.0,0.0,0.0,Média
213,26033879,41.0,19.0,30.0,12.0,88.0,1.0,103.0,0.0,0.0,3.0,4.0,0.0,0.0,1.0,0.0,0.0,Acima da média
214,26034310,4.0,1.0,1.0,0.0,10.0,0.0,15.0,1.0,1.0,6.0,6.0,1.0,0.0,3.0,1.0,1.0,Abaixo da média
215,26034328,1.0,0.0,0.0,3.0,7.0,0.0,12.0,1.0,1.0,6.0,10.0,1.0,5.0,7.0,4.0,2.0,Abaixo da média
216,26034336,21.0,7.0,14.0,5.0,45.0,0.0,42.0,0.0,0.0,7.0,9.0,1.0,2.0,6.0,0.0,2.0,Acima da média
217,26034352,21.0,8.0,20.0,6.0,42.0,1.0,46.0,0.0,0.0,2.0,4.0,0.0,1.0,0.0,0.0,0.0,Acima da média
218,26034360,0.0,1.0,0.0,2.0,13.0,0.0,29.0,0.0,1.0,5.0,4.0,1.0,0.0,2.0,2.0,3.0,Abaixo da média
219,26034425,0.0,1.0,2.0,1.0,15.0,0.0,16.0,0.0,0.0,8.0,10.0,1.0,0.0,4.0,3.0,2.0,Abaixo da média
220,26034441,31.0,16.0,25.0,10.0,57.0,1.0,70.0,0.0,0.0,10.0,17.0,1.0,3.0,7.0,1.0,3.0,Abaixo da média
221,26034476,11.0,4.0,11.0,4.0,29.0,0.0,41.0,1.0,1.0,6.0,13.0,1.0,3.0,8.0,4.0,0.0,Acima da média
222,26034832,3.0,2.0,1.0,2.0,6.0,0.0,16.0,1.0,1.0,4.0,4.0,1.0,0.0,3.0,0.0,0.0,Abaixo da média
223,26035049,8.0,4.0,9.0,5.0,37.0,0.0,44.0,0.0,1.0,11.0,6.0,1.0,3.0,3.0,1.0,1.0,Abaixo da média
224,26035111,3.0,1.0,4.0,1.0,8.0,1.0,12.0,0.0,0.0,4.0,3.0,1.0,1.0,5.0,0.0,0.0,Acima da média
225,26035138,0.0,0.0,1.0,0.0,3.0,0.0,7.0,1.0,1.0,2.0,2.0,1.0,2.0,4.0,1.0,1.0,Abaixo da média
226,26035146,21.0,10.0,23.0,16.0,73.0,0.0,68.0,0.0,1.0,12.0,19.0,1.0,6.0,10.0,8.0,4.0,Abaixo da média
227,26035251,0.0,0.0,0.0,0.0,0.0,0.0,4.0,1.0,1.0,0.0,0.0,1.0,0.0,0.0,0.0,0.0,Acima da média
228,26035340,0.0,1.0,3.0,0.0,14.0,0.0,17.0,0.0,0.0,2.0,7.0,1.0,3.0,4.0,4.0,1.0,Abaixo da média
229,26035367,2.0,0.0,5.0,2.0,9.0,0.0,14.0,1.0,1.0,6.0,18.0,1.0,4.0,7.0,6.0,2.0,Abaixo da média
230,26035502,1.0,1.0,1.0,2.0,12.0,0.0,17.0,1.0,1.0,2.0,6.0,1.0,2.0,2.0,2.0,1.0,Abaixo da média
231,26035553,23.0,12.0,27.0,6.0,58.0,1.0,52.0,0.0,0.0,2.0,6.0,1.0,0.0,0.0,0.0,1.0,Acima da média
232,26035561,6.0,6.0,11.0,5.0,29.0,0.0,41.0,0.0,1.0,2.0,16.0,1.0,1.0,7.0,1.0,4.0,Abaixo da média
233,26035600,6.0,4.0,8.0,2.0,31.0,1.0,38.0,0.0,0.0,4.0,7.0,1.0,0.0,3.0,0.0,0.0,Acima da média
234,26035979,7.0,3.0,2.0,3.0,19.0,0.0,16.0,0.0,1.0,3.0,2.0,1.0,0.0,1.0,0.0,0.0,Acima da média
235,26036037,8.0,5.0,10.0,9.0,42.0,0.0,44.0,0.0,0.0,7.0,15.0,1.0,1.0,2.0,1.0,1.0,Abaixo da média
236,26036045,12.0,5.0,12.0,8.0,34.0,0.0,29.0,0.0,0.0,2.0,9.0,1.0,1.0,2.0,1.0,3.0,Abaixo da média
237,26036118,1.0,2.0,1.0,0.0,20.0,1.0,19.0,0.0,1.0,2.0,1.0,1.0,1.0,0.0,1.0,0.0,Média
238,26036134,5.0,1.0,4.0,2.0,9.0,0.0,16.0,1.0,1.0,10.0,3.0,1.0,1.0,1.0,7.0,2.0,Abaixo da média
239,26036169,5.0,1.0,0.0,3.0,9.0,0.0,15.0,1.0,1.0,4.0,5.0,1.0,1.0,4.0,1.0,0.0,Abaixo da média
240,26036177,0.0,0.0,1.0,2.0,10.0,0.0,14.0,1.0,1.0,6.0,4.0,1.0,2.0,5.0,3.0,1.0,Abaixo da média
241,26036193,0.0,0.0,0.0,2.0,5.0,0.0,9.0,1.0,1.0,5.0,4.0,1.0,4.0,4.0,4.0,3.0,Abaixo da média
242,26036207,0.0,0.0,1.0,2.0,4.0,0.0,10.0,1.0,1.0,12.0,12.0,1.0,3.0,3.0,8.0,3.0,Abaixo da média
243,26036215,1.0,0.0,3.0,1.0,3.0,0.0,6.0,0.0,0.0,1.0,2.0,1.0,0.0,0.0,2.0,0.0,Média
244,26036223,1.0,1.0,0.0,1.0,2.0,0.0,13.0,1.0,1.0,3.0,5.0,1.0,0.0,6.0,1.0,1.0,Abaixo da média
245,26036266,1.0,0.0,1.0,1.0,1.0,0.0,6.0,0.0,0.0,3.0,2.0,1.0,1.0,1.0,3.0,0.0,Média
246,26138875,22.0,16.0,24.0,8.0,42.0,1.0,41.0,0.0,0.0,0.0,1.0,1.0,0.0,0.0,0.0,0.0,Acima da média
247,26018977,23.0,13.0,8.0,8.0,30.0,0.0,22.0,0.0,0.0,1.0,2.0,1.0,0.0,0.0,0.0,0.0,Acima da média
248,26132735,1.0,0.0,1.0,0.0,3.0,1.0,2.0,1.0,1.0,1.0,4.0,0.0,1.0,0.0,0.0,0.0,Média
249,26107651,3.0,3.0,5.0,1.0,20.0,0.0,33.0,1.0,1.0,3.0,23.0,1.0,4.0,11.0,3.0,2.0,Abaixo da média
250,26119730,20.0,20.0,27.0,12.0,32.0,0.0,20.0,0.0,0.0,0.0,0.0,1.0,0.0,0.0,0.0,0.0,Acima da média
251,26120100,3.0,4.0,7.0,2.0,21.0,1.0,17.0,1.0,1.0,12.0,16.0,1.0,4.0,13.0,5.0,4.0,Abaixo da média
252,26120992,36.0,26.0,33.0,10.0,60.0,1.0,52.0,0.0,0.0,5.0,7.0,1.0,0.0,2.0,0.0,0.0,Acima da média
253,26121670,5.0,4.0,9.0,3.0,23.0,0.0,20.0,1.0,1.0,10.0,7.0,1.0,0.0,7.0,3.0,2.0,Abaixo da média
254,26121859,5.0,3.0,9.0,5.0,12.0,0.0,4.0,0.0,0.0,1.0,0.0,1.0,0.0,0.0,0.0,0.0,Abaixo da média
255,26122120,29.0,28.0,34.0,9.0,54.0,1.0,70.0,0.0,0.0,2.0,11.0,1.0,1.0,3.0,0.0,0.0,Acima da média
256,26122260,5.0,4.0,5.0,2.0,10.0,1.0,12.0,1.0,1.0,2.0,2.0,1.0,1.0,1.0,1.0,1.0,Abaixo da média
257,26122278,11.0,12.0,12.0,5.0,26.0,1.0,28.0,0.0,0.0,5.0,3.0,1.0,0.0,3.0,0.0,1.0,Acima da média
258,26122960,9.0,9.0,14.0,5.0,37.0,1.0,27.0,0.0,0.0,15.0,29.0,0.0,3.0,15.0,4.0,4.0,Abaixo da média
259,26123517,5.0,6.0,13.0,5.0,44.0,0.0,51.0,0.0,0.0,20.0,33.0,1.0,6.0,15.0,12.0,7.0,Abaixo da média
260,26123533,2.0,6.0,8.0,3.0,27.0,0.0,32.0,1.0,1.0,13.0,20.0,1.0,2.0,10.0,5.0,3.0,Abaixo da média
261,26123703,6.0,5.0,11.0,3.0,21.0,1.0,29.0,0.0,0.0,1.0,2.0,0.0,0.0,1.0,0.0,0.0,Média
262,26124432,2.0,5.0,11.0,2.0,23.0,1.0,25.0,0.0,1.0,5.0,1.0,1.0,0.0,0.0,0.0,0.0,Abaixo da média
263,26124653,12.0,6.0,24.0,3.0,64.0,1.0,70.0,0.0,0.0,37.0,33.0,1.0,11.0,20.0,16.0,10.0,Abaixo da média
264,26124670,6.0,7.0,8.0,1.0,45.0,1.0,42.0,1.0,1.0,19.0,15.0,1.0,4.0,10.0,6.0,7.0,Abaixo da média
265,26125013,1.0,0.0,4.0,1.0,8.0,0.0,7.0,0.0,0.0,5.0,7.0,1.0,1.0,4.0,1.0,3.0,Abaixo da média
266,26125641,6.0,7.0,9.0,4.0,9.0,1.0,8.0,0.0,0.0,3.0,3.0,0.0,0.0,0.0,0.0,1.0,Média
267,26125781,9.0,11.0,13.0,6.0,35.0,1.0,27.0,0.0,0.0,3.0,3.0,0.0,0.0,1.0,0.0,0.0,Acima da média
268,26125943,2.0,0.0,4.0,0.0,7.0,1.0,6.0,1.0,1.0,1.0,0.0,1.0,2.0,0.0,1.0,0.0,Abaixo da média
269,26125978,6.0,1.0,8.0,4.0,23.0,0.0,24.0,0.0,0.0,4.0,2.0,0.0,0.0,2.0,0.0,0.0,Acima da média
270,26126010,1.0,3.0,3.0,0.0,14.0,0.0,10.0,1.0,1.0,4.0,5.0,1.0,1.0,4.0,0.0,1.0,Abaixo da média
271,26126044,9.0,4.0,12.0,1.0,16.0,1.0,16.0,0.0,0.0,4.0,3.0,0.0,1.0,4.0,1.0,0.0,Abaixo da média
272,26126079,11.0,8.0,12.0,3.0,19.0,0.0,18.0,0.0,0.0,4.0,1.0,0.0,0.0,1.0,0.0,0.0,Acima da média
273,26126125,13.0,12.0,22.0,7.0,59.0,0.0,44.0,0.0,1.0,22.0,28.0,1.0,3.0,11.0,10.0,5.0,Abaixo da média
274,26126141,2.0,0.0,3.0,0.0,7.0,0.0,10.0,1.0,1.0,4.0,4.0,1.0,1.0,2.0,0.0,1.0,Abaixo da média
275,26126150,0.0,0.0,2.0,0.0,1.0,0.0,3.0,0.0,0.0,2.0,2.0,1.0,0.0,2.0,0.0,0.0,Abaixo da média
276,26126206,2.0,3.0,0.0,0.0,3.0,0.0,3.0,1.0,1.0,0.0,0.0,1.0,1.0,0.0,2.0,0.0,Abaixo da média
277,26126443,1.0,0.0,2.0,1.0,3.0,1.0,4.0,0.0,0.0,3.0,1.0,1.0,0.0,1.0,2.0,1.0,Abaixo da média
278,26126605,4.0,2.0,3.0,1.0,15.0,1.0,16.0,0.0,1.0,6.0,7.0,1.0,2.0,2.0,2.0,4.0,Abaixo da média
279,26126613,0.0,1.0,5.0,2.0,13.0,0.0,14.0,1.0,1.0,8.0,11.0,1.0,3.0,5.0,6.0,6.0,Abaixo da média
280,26127423,2.0,0.0,3.0,0.0,13.0,0.0,11.0,1.0,1.0,5.0,9.0,1.0,5.0,8.0,7.0,3.0,Abaixo da média
281,26127431,14.0,12.0,11.0,5.0,26.0,1.0,35.0,0.0,0.0,20.0,14.0,1.0,3.0,12.0,6.0,7.0,Abaixo da média
282,26127474,6.0,3.0,5.0,2.0,24.0,0.0,19.0,0.0,0.0,11.0,13.0,1.0,6.0,4.0,6.0,1.0,Abaixo da média
283,26127512,9.0,2.0,12.0,6.0,32.0,1.0,28.0,0.0,0.0,17.0,23.0,1.0,4.0,16.0,14.0,7.0,Abaixo da média
284,26127571,3.0,4.0,7.0,2.0,22.0,0.0,21.0,1.0,1.0,10.0,7.0,1.0,3.0,8.0,3.0,5.0,Abaixo da média
285,26128160,2.0,0.0,2.0,0.0,4.0,0.0,10.0,1.0,1.0,3.0,6.0,1.0,3.0,4.0,0.0,2.0,Abaixo da média
286,26128527,1.0,2.0,2.0,2.0,9.0,0.0,4.0,1.0,1.0,10.0,8.0,1.0,3.0,4.0,3.0,4.0,Abaixo da média
287,26128594,2.0,1.0,1.0,1.0,3.0,0.0,4.0,1.0,1.0,1.0,3.0,1.0,1.0,0.0,0.0,1.0,Abaixo da média
288,26128721,9.0,6.0,13.0,2.0,26.0,1.0,23.0,0.0,0.0,6.0,2.0,0.0,0.0,0.0,0.0,0.0,Média
289,26172712,38.0,19.0,37.0,8.0,60.0,1.0,58.0,0.0,0.0,2.0,4.0,0.0,0.0,2.0,0.0,0.0,Acima da média
290,26103370,5.0,1.0,0.0,0.0,12.0,0.0,15.0,1.0,1.0,8.0,13.0,0.0,3.0,9.0,1.0,4.0,Abaixo da média
291,26086077,2.0,0.0,1.0,0.0,8.0,1.0,22.0,0.0,1.0,1.0,9.0,0.0,0.0,3.0,2.0,1.0,Acima da média
292,26305615,1.0,0.0,1.0,1.0,11.0,0.0,8.0,0.0,0.0,1.0,2.0,0.0,0.0,3.0,1.0,2.0,Acima da média
293,26011069,40.0,19.0,18.0,12.0,57.0,1.0,58.0,0.0,0.0,4.0,3.0,0.0,0.0,0.0,0.0,0.0,Acima da média
294,26011344,10.0,9.0,10.0,0.0,34.0,1.0,42.0,0.0,0.0,7.0,6.0,0.0,0.0,1.0,0.0,1.0,Acima da média
295,26011352,2.0,3.0,0.0,3.0,4.0,0.0,12.0,0.0,0.0,2.0,3.0,1.0,0.0,1.0,0.0,1.0,Abaixo da média
296,26011611,4.0,1.0,5.0,1.0,8.0,1.0,16.0,0.0,0.0,10.0,19.0,1.0,2.0,11.0,3.0,2.0,Abaixo da média
297,26011883,11.0,6.0,18.0,5.0,24.0,1.0,28.0,0.0,0.0,2.0,8.0,1.0,3.0,2.0,0.0,1.0,Abaixo da média
298,26012081,0.0,0.0,1.0,0.0,3.0,0.0,5.0,1.0,1.0,1.0,3.0,1.0,0.0,1.0,0.0,0.0,Média
299,26175509,1.0,2.0,1.0,2.0,3.0,0.0,6.0,0.0,0.0,7.0,3.0,0.0,4.0,4.0,7.0,1.0,Abaixo da média
300,26061023,17.0,2.0,6.0,8.0,30.0,1.0,39.0,0.0,0.0,0.0,6.0,0.0,1.0,1.0,0.0,0.0,Acima da média
301,26061112,2.0,0.0,0.0,1.0,3.0,0.0,5.0,1.0,1.0,3.0,3.0,1.0,1.0,0.0,2.0,1.0,Abaixo da média
302,26154803,10.0,3.0,6.0,6.0,15.0,0.0,29.0,0.0,1.0,1.0,12.0,0.0,0.0,4.0,2.0,3.0,Média
303,26133985,9.0,3.0,3.0,1.0,6.0,0.0,16.0,0.0,0.0,2.0,7.0,0.0,1.0,2.0,0.0,2.0,Abaixo da média
304,26064006,3.0,0.0,0.0,0.0,9.0,0.0,18.0,0.0,0.0,6.0,5.0,1.0,4.0,5.0,2.0,0.0,Média
305,26148447,3.0,0.0,5.0,6.0,17.0,0.0,46.0,1.0,1.0,34.0,21.0,1.0,7.0,14.0,15.0,6.0,Abaixo da média
306,26037599,1.0,2.0,1.0,2.0,20.0,0.0,19.0,0.0,1.0,12.0,15.0,1.0,3.0,7.0,5.0,3.0,Abaixo da média
307,26037904,6.0,3.0,3.0,4.0,14.0,0.0,21.0,1.0,1.0,12.0,23.0,1.0,10.0,9.0,5.0,7.0,Abaixo da média
308,26140144,11.0,4.0,2.0,4.0,19.0,0.0,39.0,0.0,0.0,17.0,20.0,1.0,8.0,14.0,14.0,8.0,Abaixo da média
309,26062410,13.0,4.0,5.0,6.0,32.0,1.0,31.0,0.0,1.0,2.0,2.0,0.0,0.0,0.0,0.0,0.0,Acima da média
310,26086638,6.0,2.0,2.0,2.0,26.0,1.0,25.0,1.0,1.0,9.0,11.0,0.0,5.0,8.0,5.0,1.0,Abaixo da média
311,26104229,12.0,8.0,6.0,4.0,40.0,1.0,36.0,0.0,1.0,3.0,2.0,0.0,0.0,0.0,0.0,0.0,Acima da média
312,26182084,1.0,0.0,0.0,0.0,8.0,0.0,3.0,1.0,1.0,0.0,3.0,1.0,0.0,1.0,0.0,0.0,Abaixo da média
313,26012359,30.0,6.0,13.0,7.0,36.0,1.0,45.0,0.0,0.0,1.0,2.0,0.0,0.0,0.0,0.0,0.0,Acima da média
314,26013185,3.0,2.0,2.0,5.0,23.0,0.0,19.0,0.0,0.0,11.0,12.0,1.0,6.0,6.0,3.0,5.0,Abaixo da média
315,26013436,2.0,0.0,1.0,1.0,2.0,0.0,13.0,1.0,1.0,0.0,1.0,1.0,0.0,2.0,0.0,0.0,Média
316,26019825,2.0,3.0,2.0,0.0,6.0,1.0,24.0,0.0,1.0,4.0,3.0,0.0,1.0,5.0,2.0,0.0,Abaixo da média
317,26019949,2.0,1.0,0.0,2.0,6.0,0.0,10.0,1.0,1.0,8.0,2.0,1.0,1.0,2.0,2.0,0.0,Abaixo da média
318,26129086,3.0,6.0,6.0,3.0,22.0,0.0,25.0,0.0,0.0,2.0,4.0,0.0,0.0,2.0,0.0,0.0,Acima da média
319,26129094,17.0,10.0,14.0,5.0,41.0,1.0,53.0,0.0,1.0,2.0,3.0,0.0,0.0,1.0,0.0,0.0,Abaixo da média
320,26129124,3.0,2.0,6.0,3.0,21.0,0.0,24.0,0.0,1.0,2.0,9.0,0.0,3.0,7.0,1.0,0.0,Abaixo da média
321,26129388,6.0,1.0,12.0,7.0,36.0,0.0,26.0,0.0,0.0,11.0,19.0,1.0,0.0,8.0,1.0,1.0,Abaixo da média
322,26071606,2.0,1.0,2.0,1.0,15.0,1.0,18.0,0.0,0.0,3.0,6.0,0.0,0.0,0.0,0.0,1.0,Acima da média
323,26071673,2.0,2.0,2.0,2.0,8.0,0.0,14.0,0.0,0.0,13.0,9.0,1.0,2.0,9.0,9.0,4.0,Abaixo da média
324,26020882,4.0,3.0,4.0,2.0,27.0,1.0,33.0,0.0,1.0,12.0,14.0,1.0,2.0,9.0,0.0,3.0,Abaixo da média
325,26020963,4.0,0.0,4.0,3.0,18.0,1.0,16.0,0.0,1.0,7.0,10.0,1.0,6.0,5.0,3.0,3.0,Abaixo da média
326,26020971,20.0,12.0,13.0,7.0,46.0,1.0,38.0,1.0,1.0,3.0,1.0,0.0,0.0,0.0,0.0,0.0,Acima da média
327,26020998,8.0,2.0,3.0,5.0,26.0,0.0,17.0,0.0,1.0,10.0,12.0,1.0,3.0,11.0,6.0,3.0,Abaixo da média
328,26021927,4.0,0.0,1.0,3.0,16.0,1.0,22.0,1.0,1.0,2.0,4.0,1.0,2.0,3.0,0.0,1.0,Abaixo da média
329,26013452,13.0,3.0,3.0,5.0,18.0,0.0,34.0,0.0,0.0,6.0,8.0,0.0,2.0,6.0,1.0,0.0,Abaixo da média
330,26029812,7.0,4.0,6.0,4.0,9.0,0.0,30.0,0.0,0.0,15.0,11.0,1.0,7.0,12.0,5.0,4.0,Abaixo da média
331,26169193,7.0,3.0,1.0,3.0,14.0,1.0,21.0,0.0,0.0,3.0,4.0,0.0,2.0,5.0,0.0,2.0,Abaixo da média
332,26008505,5.0,1.0,3.0,0.0,1.0,0.0,7.0,0.0,0.0,2.0,3.0,1.0,1.0,0.0,3.0,1.0,Acima da média
333,26022850,2.0,2.0,2.0,2.0,3.0,1.0,4.0,1.0,1.0,1.0,1.0,0.0,0.0,0.0,1.0,0.0,Acima da média
334,26064642,5.0,1.0,6.0,8.0,35.0,1.0,40.0,0.0,1.0,12.0,19.0,1.0,6.0,11.0,4.0,7.0,Abaixo da média
335,26065401,6.0,1.0,6.0,2.0,27.0,1.0,35.0,0.0,0.0,2.0,6.0,1.0,0.0,0.0,0.0,2.0,Acima da média
336,26023245,6.0,2.0,4.0,2.0,10.0,1.0,23.0,1.0,1.0,2.0,7.0,1.0,4.0,6.0,1.0,4.0,Abaixo da média
337,26023334,5.0,1.0,11.0,4.0,17.0,0.0,21.0,0.0,1.0,3.0,3.0,1.0,2.0,2.0,1.0,1.0,Média
338,26133949,11.0,3.0,10.0,4.0,27.0,1.0,45.0,0.0,0.0,5.0,3.0,0.0,0.0,0.0,0.0,0.0,Acima da média
339,26043130,2.0,2.0,2.0,2.0,5.0,0.0,11.0,1.0,1.0,8.0,6.0,0.0,3.0,1.0,8.0,0.0,Abaixo da média
340,26043335,26.0,5.0,4.0,6.0,18.0,0.0,40.0,0.0,0.0,2.0,0.0,0.0,0.0,0.0,0.0,0.0,Acima da média
341,26103834,8.0,5.0,7.0,6.0,27.0,0.0,26.0,0.0,1.0,5.0,6.0,0.0,0.0,7.0,1.0,0.0,Acima da média
342,26065606,3.0,2.0,9.0,3.0,19.0,0.0,46.0,0.0,0.0,14.0,10.0,1.0,5.0,6.0,5.0,3.0,Abaixo da média
343,26081180,2.0,0.0,1.0,3.0,13.0,0.0,13.0,0.0,0.0,2.0,11.0,1.0,1.0,3.0,3.0,4.0,Média
344,26091828,3.0,1.0,5.0,3.0,27.0,1.0,34.0,0.0,1.0,27.0,26.0,0.0,3.0,22.0,5.0,9.0,Abaixo da média
345,26066181,8.0,6.0,5.0,4.0,38.0,0.0,62.0,0.0,0.0,16.0,32.0,0.0,6.0,16.0,7.0,2.0,Abaixo da média
346,26066220,1.0,2.0,4.0,2.0,17.0,0.0,27.0,0.0,1.0,6.0,9.0,0.0,0.0,3.0,0.0,0.0,Abaixo da média
347,26092301,5.0,3.0,3.0,0.0,6.0,1.0,10.0,0.0,1.0,0.0,1.0,0.0,0.0,1.0,0.0,0.0,Acima da média
348,26008530,23.0,5.0,9.0,5.0,29.0,0.0,43.0,0.0,0.0,1.0,4.0,0.0,0.0,2.0,0.0,0.0,Acima da média
349,26008882,2.0,0.0,0.0,0.0,4.0,0.0,16.0,1.0,1.0,8.0,4.0,1.0,1.0,7.0,2.0,1.0,Abaixo da média
350,26048337,14.0,3.0,4.0,6.0,23.0,1.0,39.0,0.0,0.0,7.0,23.0,0.0,7.0,20.0,2.0,7.0,Abaixo da média
351,26024578,0.0,0.0,1.0,2.0,3.0,0.0,4.0,0.0,0.0,4.0,2.0,1.0,1.0,3.0,1.0,0.0,Abaixo da média
352,26024616,2.0,0.0,0.0,1.0,0.0,0.0,6.0,0.0,0.0,2.0,4.0,1.0,3.0,5.0,2.0,0.0,Abaixo da média
353,26049406,11.0,2.0,6.0,3.0,27.0,1.0,26.0,0.0,0.0,3.0,5.0,0.0,1.0,1.0,0.0,0.0,Acima da média
354,26049422,0.0,0.0,0.0,1.0,1.0,0.0,3.0,1.0,1.0,3.0,7.0,1.0,1.0,5.0,0.0,0.0,Abaixo da média
355,26014190,8.0,2.0,4.0,1.0,20.0,0.0,23.0,0.0,0.0,1.0,3.0,0.0,1.0,1.0,0.0,0.0,Acima da média
356,26092786,16.0,3.0,3.0,6.0,32.0,1.0,34.0,0.0,0.0,2.0,3.0,0.0,0.0,0.0,0.0,0.0,Acima da média
357,26094860,1.0,2.0,1.0,0.0,18.0,1.0,13.0,1.0,1.0,17.0,13.0,1.0,6.0,10.0,14.0,5.0,Abaixo da média
358,26094878,6.0,2.0,4.0,5.0,31.0,0.0,24.0,0.0,1.0,15.0,28.0,0.0,8.0,19.0,6.0,6.0,Abaixo da média
359,26095297,1.0,1.0,3.0,1.0,21.0,1.0,19.0,1.0,1.0,2.0,8.0,1.0,2.0,3.0,0.0,2.0,Acima da média
360,26095335,5.0,1.0,3.0,1.0,13.0,1.0,18.0,0.0,1.0,3.0,5.0,0.0,0.0,2.0,0.0,0.0,Acima da média
361,26095920,0.0,0.0,0.0,0.0,2.0,0.0,3.0,1.0,1.0,1.0,6.0,1.0,1.0,2.0,1.0,0.0,Abaixo da média
