ID_ESCOLA,TX_RESP_Q019_F,TX_RESP_Q023_F,TX_RESP_Q013_C,TX_RESP_Q012_C,TX_RESP_Q014_C,IN_LABORATORIO_CIENCIAS,TX_RESP_Q012_B,IN_COMUM_EJA_FUND,IN_EJA,TX_RESP_Q042_B,TX_RESP_Q041_C,IN_COMUM_FUND_AF,TX_RESP_Q042_C,TX_RESP_Q004_F,TX_RESP_Q004_H,TX_RESP_Q004_G,IDEB 2017,Classe-IDEB
26106582,0.0,2.0,2.0,1.0,6.0,0.0,8.0,1.0,1.0,8.0,5.0,1.0,0.0,1.0,0.0,0.0,2.8,Abaixo da média
26106612,1.0,2.0,6.0,3.0,14.0,0.0,16.0,1.0,1.0,2.0,2.0,1.0,1.0,1.0,0.0,0.0,3.5,Abaixo da média
26106698,0.0,0.0,1.0,2.0,10.0,0.0,14.0,0.0,0.0,3.0,3.0,1.0,1.0,3.0,0.0,1.0,3.6,Abaixo da média
26106957,10.0,2.0,4.0,4.0,24.0,0.0,29.0,0.0,1.0,3.0,5.0,0.0,2.0,1.0,0.0,1.0,4.3,Acima da média
26107074,0.0,1.0,4.0,1.0,9.0,0.0,10.0,1.0,1.0,1.0,1.0,1.0,0.0,1.0,0.0,0.0,3.3,Abaixo da média
26137149,2.0,3.0,4.0,1.0,8.0,0.0,17.0,1.0,1.0,1.0,1.0,1.0,0.0,0.0,0.0,0.0,4.5,Acima da média
26014564,4.0,3.0,2.0,4.0,12.0,1.0,24.0,0.0,1.0,14.0,7.0,1.0,2.0,6.0,0.0,2.0,3.9,Abaixo da média
26014670,9.0,7.0,9.0,6.0,21.0,1.0,17.0,0.0,0.0,3.0,4.0,0.0,1.0,0.0,0.0,0.0,4.9,Acima da média
26187566,1.0,0.0,0.0,0.0,1.0,0.0,4.0,0.0,1.0,2.0,5.0,0.0,1.0,2.0,3.0,2.0,2.8,Abaixo da média
26081849,4.0,4.0,1.0,3.0,29.0,1.0,36.0,0.0,1.0,7.0,10.0,0.0,0.0,2.0,1.0,1.0,3.8,Abaixo da média
26096358,4.0,0.0,1.0,0.0,8.0,0.0,9.0,1.0,1.0,5.0,2.0,0.0,1.0,5.0,2.0,0.0,3.3,Abaixo da média
26049562,9.0,1.0,4.0,4.0,17.0,0.0,25.0,0.0,0.0,7.0,10.0,0.0,0.0,7.0,1.0,4.0,4.2,Acima da média
26086905,12.0,3.0,6.0,8.0,37.0,0.0,24.0,0.0,0.0,7.0,8.0,0.0,1.0,5.0,0.0,2.0,4.6,Acima da média
26087022,0.0,0.0,0.0,0.0,1.0,1.0,1.0,1.0,1.0,1.0,1.0,1.0,0.0,1.0,0.0,0.0,3.5,Abaixo da média
26082020,1.0,2.0,4.0,2.0,18.0,0.0,25.0,1.0,1.0,14.0,27.0,1.0,11.0,13.0,15.0,5.0,3.3,Abaixo da média
26082179,6.0,3.0,5.0,6.0,21.0,1.0,22.0,0.0,0.0,4.0,6.0,0.0,0.0,5.0,0.0,0.0,4.8,Acima da média
26097117,12.0,8.0,3.0,0.0,17.0,0.0,11.0,0.0,0.0,0.0,4.0,0.0,0.0,1.0,0.0,1.0,4.5,Acima da média
26097249,1.0,1.0,1.0,0.0,5.0,0.0,8.0,1.0,1.0,6.0,6.0,0.0,2.0,1.0,2.0,2.0,3.9,Abaixo da média
26071924,5.0,2.0,2.0,1.0,22.0,0.0,19.0,0.0,1.0,13.0,14.0,0.0,1.0,5.0,6.0,4.0,3.7,Abaixo da média
26000024,3.0,2.0,1.0,3.0,11.0,1.0,17.0,0.0,1.0,5.0,2.0,0.0,0.0,0.0,0.0,0.0,4.8,Acima da média
26000636,3.0,1.0,0.0,0.0,6.0,0.0,10.0,0.0,0.0,4.0,7.0,1.0,0.0,3.0,1.0,3.0,3.4,Abaixo da média
26000741,3.0,2.0,5.0,0.0,15.0,1.0,31.0,1.0,1.0,8.0,3.0,1.0,3.0,8.0,0.0,1.0,4.0,Média
26000792,0.0,0.0,2.0,0.0,1.0,0.0,11.0,1.0,1.0,1.0,2.0,1.0,0.0,3.0,0.0,1.0,3.4,Abaixo da média
26001225,4.0,0.0,3.0,1.0,3.0,0.0,6.0,1.0,1.0,2.0,1.0,1.0,0.0,1.0,0.0,0.0,4.1,Acima da média
26001594,2.0,0.0,0.0,0.0,0.0,0.0,3.0,1.0,1.0,3.0,2.0,1.0,1.0,4.0,1.0,2.0,3.6,Abaixo da média
26001624,2.0,0.0,1.0,1.0,4.0,0.0,9.0,1.0,1.0,1.0,2.0,1.0,0.0,3.0,0.0,0.0,3.7,Abaixo da média
26001896,1.0,0.0,0.0,0.0,0.0,0.0,6.0,0.0,0.0,1.0,2.0,1.0,0.0,1.0,0.0,1.0,3.2,Abaixo da média
26179474,32.0,14.0,17.0,13.0,45.0,0.0,41.0,0.0,0.0,5.0,3.0,0.0,0.0,1.0,0.0,0.0,5.4,Acima da média
26024721,5.0,2.0,3.0,2.0,15.0,0.0,29.0,1.0,1.0,22.0,19.0,1.0,4.0,10.0,8.0,4.0,3.5,Abaixo da média
26024730,12.0,7.0,8.0,4.0,30.0,1.0,41.0,0.0,0.0,8.0,15.0,0.0,2.0,3.0,1.0,0.0,4.4,Acima da média
26024764,3.0,2.0,0.0,1.0,2.0,0.0,10.0,0.0,0.0,6.0,11.0,1.0,4.0,5.0,1.0,3.0,3.8,Abaixo da média
26024802,4.0,2.0,3.0,5.0,14.0,1.0,22.0,1.0,1.0,11.0,8.0,1.0,4.0,6.0,9.0,3.0,3.8,Abaixo da média
26097354,0.0,0.0,0.0,0.0,0.0,0.0,3.0,0.0,0.0,3.0,1.0,1.0,1.0,3.0,1.0,1.0,3.1,Abaixo da média
26097370,0.0,2.0,0.0,0.0,2.0,1.0,6.0,1.0,1.0,5.0,10.0,1.0,2.0,7.0,2.0,2.0,2.7,Abaixo da média
26038935,3.0,0.0,0.0,0.0,5.0,0.0,7.0,1.0,1.0,3.0,5.0,1.0,2.0,3.0,1.0,0.0,3.4,Abaixo da média
26139120,1.0,1.0,2.0,0.0,5.0,0.0,4.0,0.0,0.0,3.0,2.0,0.0,1.0,2.0,3.0,1.0,4.0,Média
26050102,2.0,1.0,1.0,0.0,5.0,0.0,15.0,0.0,1.0,4.0,5.0,0.0,0.0,3.0,0.0,0.0,5.0,Acima da média
26051176,3.0,0.0,2.0,1.0,9.0,1.0,18.0,0.0,1.0,4.0,17.0,1.0,3.0,11.0,1.0,1.0,3.9,Abaixo da média
26051702,1.0,1.0,1.0,0.0,3.0,0.0,8.0,1.0,1.0,5.0,3.0,1.0,3.0,1.0,8.0,1.0,3.5,Abaixo da média
26051737,1.0,4.0,2.0,3.0,21.0,0.0,32.0,0.0,0.0,19.0,21.0,1.0,3.0,11.0,3.0,4.0,3.7,Abaixo da média
26051761,1.0,2.0,1.0,0.0,9.0,0.0,13.0,0.0,0.0,2.0,8.0,1.0,1.0,6.0,2.0,1.0,3.5,Abaixo da média
26185725,2.0,1.0,0.0,0.0,3.0,0.0,9.0,0.0,1.0,3.0,3.0,0.0,0.0,1.0,0.0,0.0,3.3,Abaixo da média
26072254,15.0,4.0,7.0,4.0,26.0,1.0,31.0,0.0,0.0,6.0,3.0,0.0,0.0,3.0,0.0,0.0,4.3,Acima da média
26067552,2.0,2.0,2.0,3.0,13.0,0.0,12.0,0.0,0.0,9.0,7.0,0.0,1.0,2.0,1.0,0.0,3.8,Abaixo da média
26083566,0.0,0.0,0.0,1.0,3.0,0.0,10.0,1.0,1.0,5.0,3.0,1.0,3.0,3.0,5.0,2.0,3.8,Abaixo da média
26015315,3.0,3.0,3.0,3.0,5.0,0.0,9.0,0.0,1.0,3.0,4.0,1.0,1.0,1.0,1.0,2.0,4.3,Acima da média
26087375,3.0,2.0,2.0,1.0,5.0,0.0,12.0,1.0,1.0,7.0,4.0,0.0,2.0,6.0,1.0,1.0,3.1,Abaixo da média
26087529,3.0,0.0,3.0,1.0,9.0,1.0,7.0,0.0,0.0,2.0,2.0,1.0,0.0,2.0,1.0,1.0,3.7,Abaixo da média
26046040,3.0,4.0,3.0,3.0,13.0,1.0,36.0,1.0,1.0,29.0,29.0,1.0,10.0,32.0,27.0,8.0,3.4,Abaixo da média
26129922,13.0,8.0,12.0,6.0,68.0,0.0,80.0,1.0,1.0,10.0,17.0,1.0,6.0,17.0,5.0,3.0,4.1,Acima da média
26130114,12.0,9.0,13.0,9.0,54.0,1.0,59.0,0.0,0.0,4.0,7.0,0.0,1.0,2.0,0.0,1.0,4.8,Acima da média
26032082,1.0,2.0,4.0,4.0,16.0,0.0,14.0,1.0,1.0,10.0,9.0,1.0,3.0,0.0,4.0,2.0,3.3,Abaixo da média
26107546,1.0,2.0,3.0,1.0,10.0,0.0,2.0,1.0,1.0,0.0,1.0,1.0,0.0,0.0,0.0,1.0,3.9,Abaixo da média
26107562,4.0,1.0,4.0,1.0,9.0,0.0,9.0,1.0,1.0,2.0,2.0,1.0,1.0,0.0,0.0,0.0,4.2,Acima da média
26107570,0.0,2.0,4.0,1.0,11.0,0.0,12.0,1.0,1.0,1.0,4.0,0.0,1.0,1.0,0.0,0.0,4.5,Acima da média
26107600,11.0,4.0,10.0,8.0,51.0,0.0,41.0,1.0,1.0,12.0,12.0,1.0,2.0,6.0,2.0,1.0,4.2,Acima da média
26107678,26.0,15.0,30.0,16.0,65.0,1.0,66.0,1.0,1.0,2.0,6.0,1.0,1.0,0.0,1.0,0.0,4.6,Acima da média
26107961,1.0,0.0,4.0,0.0,13.0,0.0,8.0,1.0,1.0,9.0,18.0,1.0,4.0,7.0,4.0,4.0,3.8,Abaixo da média
26107996,0.0,0.0,0.0,0.0,0.0,0.0,0.0,1.0,1.0,1.0,2.0,1.0,0.0,0.0,1.0,0.0,4.4,Acima da média
26108046,0.0,0.0,2.0,0.0,7.0,0.0,13.0,1.0,1.0,4.0,8.0,1.0,1.0,3.0,1.0,1.0,4.1,Acima da média
26108275,0.0,1.0,2.0,1.0,7.0,0.0,6.0,0.0,0.0,1.0,4.0,1.0,0.0,0.0,1.0,0.0,3.7,Abaixo da média
26165112,2.0,0.0,1.0,0.0,4.0,0.0,6.0,0.0,0.0,8.0,10.0,1.0,1.0,3.0,2.0,1.0,3.1,Abaixo da média
26087715,9.0,1.0,1.0,1.0,9.0,0.0,17.0,0.0,1.0,1.0,7.0,0.0,1.0,5.0,1.0,1.0,3.5,Abaixo da média
26016010,0.0,1.0,2.0,1.0,5.0,1.0,12.0,1.0,1.0,4.0,4.0,0.0,2.0,4.0,0.0,0.0,3.4,Abaixo da média
26016028,17.0,2.0,5.0,2.0,16.0,1.0,23.0,0.0,0.0,0.0,1.0,0.0,0.0,0.0,0.0,0.0,5.6,Acima da média
26040280,15.0,3.0,3.0,5.0,12.0,0.0,14.0,1.0,1.0,3.0,2.0,0.0,0.0,2.0,0.0,0.0,4.5,Acima da média
26087910,9.0,8.0,16.0,3.0,52.0,1.0,52.0,0.0,1.0,11.0,14.0,0.0,1.0,8.0,0.0,1.0,4.3,Acima da média
26087928,11.0,1.0,5.0,4.0,33.0,1.0,26.0,0.0,1.0,4.0,10.0,1.0,2.0,4.0,1.0,2.0,4.2,Acima da média
26088134,2.0,0.0,4.0,1.0,22.0,1.0,13.0,1.0,1.0,3.0,10.0,1.0,0.0,5.0,4.0,1.0,3.5,Abaixo da média
26088258,14.0,6.0,9.0,7.0,27.0,1.0,29.0,0.0,0.0,3.0,7.0,1.0,2.0,1.0,1.0,1.0,4.1,Acima da média
26088282,16.0,7.0,8.0,6.0,55.0,1.0,40.0,0.0,0.0,2.0,2.0,0.0,0.0,1.0,0.0,0.0,4.8,Acima da média
26054060,4.0,2.0,6.0,3.0,19.0,0.0,27.0,0.0,0.0,22.0,19.0,0.0,2.0,11.0,7.0,3.0,3.4,Abaixo da média
26054140,10.0,6.0,14.0,7.0,57.0,0.0,56.0,0.0,1.0,3.0,4.0,0.0,0.0,0.0,0.0,0.0,4.6,Acima da média
26054809,8.0,1.0,13.0,0.0,34.0,0.0,45.0,0.0,1.0,4.0,0.0,0.0,1.0,0.0,0.0,0.0,4.5,Acima da média
26054876,14.0,4.0,16.0,9.0,89.0,0.0,110.0,0.0,0.0,38.0,37.0,0.0,6.0,22.0,10.0,6.0,4.2,Acima da média
26054884,4.0,2.0,3.0,1.0,13.0,0.0,21.0,0.0,0.0,4.0,3.0,1.0,0.0,1.0,0.0,0.0,4.2,Acima da média
26055082,5.0,4.0,11.0,3.0,29.0,1.0,31.0,0.0,1.0,6.0,1.0,0.0,1.0,1.0,0.0,0.0,4.8,Acima da média
26098482,26.0,15.0,16.0,6.0,42.0,1.0,54.0,0.0,0.0,6.0,8.0,0.0,2.0,4.0,0.0,0.0,4.1,Acima da média
26009315,15.0,4.0,5.0,7.0,18.0,0.0,14.0,0.0,1.0,2.0,4.0,0.0,0.0,1.0,0.0,0.0,4.7,Acima da média
26009323,0.0,0.0,1.0,0.0,4.0,0.0,7.0,1.0,1.0,7.0,11.0,1.0,4.0,2.0,8.0,3.0,3.1,Abaixo da média
26088533,2.0,3.0,2.0,2.0,22.0,0.0,11.0,0.0,1.0,11.0,23.0,1.0,2.0,13.0,8.0,5.0,3.2,Abaixo da média
26098822,7.0,6.0,7.0,2.0,32.0,1.0,38.0,0.0,1.0,2.0,4.0,0.0,1.0,8.0,0.0,1.0,4.1,Acima da média
26067803,21.0,1.0,6.0,2.0,29.0,1.0,40.0,0.0,1.0,4.0,5.0,0.0,2.0,9.0,0.0,3.0,4.4,Acima da média
26084201,8.0,1.0,8.0,3.0,28.0,1.0,34.0,0.0,1.0,4.0,1.0,0.0,0.0,0.0,0.0,0.0,5.1,Acima da média
26025981,6.0,1.0,3.0,3.0,18.0,1.0,29.0,0.0,0.0,13.0,24.0,1.0,4.0,13.0,9.0,4.0,3.2,Abaixo da média
26026627,47.0,13.0,20.0,7.0,64.0,1.0,72.0,0.0,0.0,6.0,6.0,0.0,3.0,2.0,0.0,0.0,4.7,Acima da média
26181649,9.0,2.0,1.0,2.0,4.0,1.0,15.0,1.0,1.0,7.0,5.0,1.0,1.0,10.0,3.0,4.0,3.9,Abaixo da média
26033089,3.0,0.0,1.0,2.0,1.0,0.0,4.0,0.0,0.0,1.0,4.0,0.0,2.0,3.0,0.0,2.0,4.6,Acima da média
26033356,13.0,5.0,10.0,4.0,24.0,1.0,43.0,1.0,1.0,0.0,3.0,0.0,0.0,3.0,0.0,0.0,4.9,Acima da média
26099322,5.0,0.0,4.0,2.0,15.0,0.0,22.0,0.0,1.0,6.0,10.0,1.0,0.0,8.0,4.0,1.0,3.3,Abaixo da média
26099365,1.0,0.0,2.0,1.0,5.0,0.0,3.0,1.0,1.0,0.0,4.0,1.0,0.0,0.0,0.0,0.0,3.2,Abaixo da média
26099489,20.0,5.0,10.0,3.0,30.0,1.0,29.0,0.0,0.0,2.0,4.0,0.0,0.0,3.0,0.0,0.0,3.7,Abaixo da média
26003066,31.0,9.0,9.0,5.0,37.0,1.0,52.0,0.0,0.0,2.0,6.0,0.0,0.0,4.0,0.0,1.0,4.4,Acima da média
26003210,7.0,1.0,2.0,2.0,15.0,0.0,35.0,1.0,1.0,14.0,16.0,1.0,7.0,12.0,10.0,10.0,3.6,Abaixo da média
26003821,3.0,2.0,0.0,0.0,5.0,1.0,17.0,1.0,1.0,1.0,2.0,1.0,0.0,1.0,0.0,0.0,3.8,Abaixo da média
26068508,3.0,1.0,1.0,1.0,11.0,0.0,20.0,0.0,0.0,5.0,21.0,1.0,0.0,12.0,3.0,3.0,3.9,Abaixo da média
26132001,3.0,2.0,3.0,2.0,5.0,0.0,1.0,1.0,1.0,0.0,1.0,1.0,0.0,0.0,0.0,0.0,4.4,Acima da média
26088606,4.0,3.0,1.0,2.0,9.0,0.0,12.0,0.0,1.0,2.0,5.0,0.0,1.0,3.0,0.0,2.0,3.8,Abaixo da média
26016540,10.0,1.0,0.0,1.0,5.0,0.0,20.0,0.0,1.0,2.0,2.0,0.0,1.0,2.0,0.0,0.0,4.8,Acima da média
26016729,3.0,0.0,0.0,1.0,5.0,1.0,9.0,1.0,1.0,0.0,1.0,1.0,0.0,0.0,0.0,0.0,5.5,Acima da média
26133974,9.0,2.0,4.0,5.0,13.0,0.0,24.0,1.0,1.0,6.0,13.0,1.0,2.0,7.0,2.0,4.0,4.0,Média
26040972,7.0,3.0,4.0,2.0,11.0,0.0,14.0,1.0,1.0,6.0,3.0,1.0,0.0,2.0,1.0,0.0,3.9,Abaixo da média
26041200,2.0,0.0,2.0,1.0,4.0,0.0,5.0,1.0,1.0,3.0,5.0,1.0,2.0,4.0,0.0,1.0,3.4,Abaixo da média
26063522,2.0,0.0,3.0,2.0,16.0,0.0,29.0,0.0,0.0,16.0,10.0,0.0,4.0,5.0,8.0,4.0,4.4,Acima da média
26063530,3.0,3.0,3.0,0.0,9.0,0.0,22.0,0.0,0.0,3.0,7.0,1.0,2.0,0.0,2.0,0.0,4.5,Acima da média
26075970,0.0,0.0,0.0,0.0,2.0,0.0,3.0,1.0,1.0,0.0,2.0,1.0,0.0,0.0,0.0,2.0,3.7,Abaixo da média
26076047,2.0,2.0,2.0,0.0,8.0,0.0,19.0,1.0,1.0,4.0,4.0,1.0,0.0,5.0,0.0,1.0,4.0,Média
26132230,20.0,11.0,26.0,6.0,49.0,0.0,46.0,0.0,0.0,1.0,0.0,1.0,0.0,0.0,0.0,0.0,6.4,Acima da média
26093570,13.0,5.0,3.0,2.0,26.0,1.0,33.0,0.0,0.0,1.0,0.0,0.0,0.0,0.0,0.0,0.0,4.7,Acima da média
26088851,7.0,3.0,5.0,2.0,19.0,1.0,12.0,0.0,0.0,3.0,6.0,0.0,1.0,1.0,0.0,0.0,4.3,Acima da média
26088886,19.0,9.0,12.0,9.0,39.0,0.0,56.0,0.0,0.0,13.0,18.0,0.0,4.0,5.0,5.0,3.0,3.4,Abaixo da média
26089424,7.0,2.0,4.0,2.0,23.0,1.0,17.0,0.0,1.0,2.0,3.0,0.0,3.0,2.0,0.0,0.0,3.6,Abaixo da média
26004453,2.0,1.0,1.0,3.0,3.0,0.0,2.0,0.0,0.0,2.0,8.0,1.0,0.0,2.0,1.0,1.0,3.5,Abaixo da média
26056623,4.0,4.0,5.0,2.0,29.0,0.0,49.0,0.0,1.0,27.0,44.0,0.0,11.0,28.0,16.0,10.0,3.7,Abaixo da média
26027828,15.0,5.0,6.0,8.0,17.0,0.0,23.0,0.0,0.0,4.0,5.0,0.0,0.0,2.0,0.0,2.0,4.4,Acima da média
26027836,1.0,0.0,1.0,0.0,5.0,0.0,16.0,0.0,0.0,12.0,9.0,1.0,4.0,10.0,6.0,3.0,4.4,Acima da média
26084317,3.0,2.0,0.0,1.0,4.0,0.0,11.0,0.0,1.0,4.0,8.0,0.0,0.0,4.0,1.0,3.0,3.7,Abaixo da média
26105195,1.0,4.0,8.0,7.0,33.0,1.0,42.0,0.0,1.0,4.0,0.0,1.0,1.0,0.0,0.0,0.0,4.7,Acima da média
26105519,18.0,13.0,21.0,6.0,97.0,1.0,93.0,1.0,1.0,15.0,33.0,1.0,6.0,8.0,7.0,1.0,3.6,Abaixo da média
26017598,2.0,1.0,1.0,1.0,5.0,0.0,10.0,0.0,0.0,0.0,1.0,0.0,1.0,0.0,2.0,1.0,3.3,Abaixo da média
26018020,0.0,0.0,1.0,0.0,2.0,0.0,4.0,0.0,0.0,2.0,0.0,0.0,1.0,0.0,0.0,0.0,3.6,Abaixo da média
26130947,5.0,3.0,3.0,8.0,25.0,0.0,34.0,0.0,1.0,5.0,7.0,0.0,3.0,8.0,3.0,3.0,3.4,Abaixo da média
26131684,16.0,6.0,12.0,3.0,53.0,1.0,53.0,0.0,1.0,9.0,2.0,0.0,0.0,1.0,0.0,0.0,3.9,Abaixo da média
26004518,14.0,3.0,3.0,0.0,19.0,1.0,19.0,0.0,0.0,0.0,0.0,0.0,0.0,0.0,0.0,0.0,5.3,Acima da média
26004593,8.0,2.0,5.0,3.0,17.0,0.0,29.0,0.0,1.0,12.0,13.0,1.0,1.0,9.0,4.0,5.0,3.7,Abaixo da média
26185059,12.0,2.0,6.0,11.0,15.0,0.0,38.0,0.0,0.0,19.0,11.0,0.0,6.0,14.0,10.0,5.0,4.1,Acima da média
26047187,3.0,0.0,2.0,0.0,3.0,1.0,11.0,0.0,1.0,3.0,3.0,0.0,1.0,2.0,1.0,2.0,4.4,Acima da média
26106060,2.0,3.0,3.0,1.0,19.0,0.0,16.0,0.0,0.0,1.0,0.0,1.0,0.0,0.0,0.0,0.0,5.0,Acima da média
26106159,5.0,4.0,3.0,1.0,23.0,0.0,14.0,1.0,1.0,4.0,0.0,1.0,0.0,1.0,0.0,0.0,3.9,Abaixo da média
26089530,11.0,5.0,9.0,3.0,43.0,0.0,41.0,0.0,1.0,13.0,25.0,0.0,2.0,16.0,2.0,5.0,3.8,Abaixo da média
26089840,0.0,0.0,0.0,0.0,0.0,0.0,0.0,0.0,0.0,0.0,0.0,1.0,0.0,1.0,0.0,0.0,3.6,Abaixo da média
26106337,7.0,4.0,2.0,1.0,17.0,0.0,10.0,1.0,1.0,8.0,11.0,1.0,2.0,2.0,0.0,0.0,3.3,Abaixo da média
26106353,1.0,0.0,0.0,0.0,4.0,0.0,7.0,1.0,1.0,1.0,4.0,1.0,1.0,2.0,0.0,0.0,3.5,Abaixo da média
26106388,7.0,7.0,8.0,1.0,27.0,1.0,23.0,0.0,0.0,3.0,1.0,0.0,0.0,1.0,0.0,0.0,4.4,Acima da média
26108801,2.0,2.0,4.0,0.0,10.0,1.0,17.0,1.0,1.0,2.0,2.0,1.0,0.0,0.0,1.0,0.0,3.9,Abaixo da média
26109115,11.0,6.0,14.0,4.0,33.0,0.0,28.0,0.0,1.0,3.0,8.0,0.0,0.0,0.0,0.0,1.0,4.0,Média
26110016,2.0,0.0,2.0,2.0,11.0,0.0,9.0,1.0,1.0,0.0,2.0,1.0,1.0,0.0,0.0,0.0,4.2,Acima da média
26110229,2.0,3.0,4.0,1.0,10.0,0.0,12.0,1.0,1.0,5.0,4.0,1.0,0.0,4.0,0.0,0.0,4.1,Acima da média
26110237,3.0,1.0,3.0,2.0,23.0,1.0,22.0,1.0,1.0,6.0,14.0,1.0,2.0,3.0,5.0,0.0,3.8,Abaixo da média
26110245,10.0,9.0,12.0,3.0,23.0,1.0,27.0,0.0,1.0,6.0,7.0,1.0,0.0,5.0,0.0,0.0,4.6,Acima da média
26110270,11.0,8.0,10.0,4.0,25.0,1.0,36.0,0.0,0.0,4.0,5.0,0.0,2.0,3.0,0.0,0.0,4.8,Acima da média
26110849,3.0,1.0,3.0,0.0,21.0,0.0,17.0,1.0,1.0,12.0,11.0,1.0,1.0,6.0,3.0,3.0,3.9,Abaixo da média
26110970,4.0,4.0,5.0,2.0,9.0,0.0,17.0,1.0,1.0,2.0,11.0,1.0,0.0,4.0,0.0,0.0,3.9,Abaixo da média
26111020,2.0,2.0,2.0,0.0,15.0,0.0,13.0,0.0,1.0,3.0,3.0,0.0,1.0,2.0,0.0,0.0,3.9,Abaixo da média
26111071,5.0,7.0,9.0,4.0,25.0,0.0,27.0,0.0,1.0,6.0,5.0,1.0,2.0,3.0,4.0,0.0,3.6,Abaixo da média
26111349,0.0,1.0,3.0,2.0,26.0,0.0,30.0,0.0,1.0,21.0,15.0,1.0,8.0,14.0,17.0,3.0,3.7,Abaixo da média
26111411,4.0,4.0,6.0,0.0,19.0,0.0,24.0,0.0,1.0,17.0,23.0,1.0,7.0,16.0,8.0,9.0,3.5,Abaixo da média
26042053,19.0,4.0,6.0,5.0,25.0,1.0,45.0,0.0,0.0,1.0,7.0,0.0,0.0,2.0,1.0,0.0,4.2,Acima da média
26042525,0.0,0.0,0.0,1.0,4.0,0.0,3.0,1.0,1.0,3.0,3.0,1.0,0.0,2.0,0.0,0.0,3.6,Abaixo da média
26068729,13.0,2.0,1.0,3.0,22.0,1.0,25.0,0.0,0.0,4.0,6.0,0.0,0.0,2.0,0.0,2.0,5.0,Acima da média
26084791,2.0,5.0,3.0,1.0,21.0,1.0,27.0,1.0,1.0,3.0,4.0,0.0,0.0,6.0,0.0,0.0,3.5,Abaixo da média
26069210,8.0,5.0,4.0,2.0,28.0,1.0,30.0,0.0,0.0,10.0,25.0,1.0,2.0,14.0,3.0,5.0,4.4,Acima da média
26069288,3.0,2.0,3.0,4.0,17.0,1.0,19.0,0.0,1.0,4.0,4.0,0.0,0.0,0.0,0.0,0.0,4.6,Acima da média
26069555,1.0,0.0,3.0,0.0,6.0,0.0,5.0,0.0,1.0,9.0,13.0,1.0,0.0,2.0,3.0,2.0,3.5,Abaixo da média
26069652,7.0,2.0,6.0,2.0,27.0,1.0,22.0,0.0,1.0,10.0,27.0,1.0,3.0,8.0,4.0,3.0,3.9,Abaixo da média
26090406,5.0,2.0,2.0,2.0,8.0,0.0,15.0,1.0,1.0,7.0,3.0,1.0,2.0,10.0,2.0,1.0,3.8,Abaixo da média
26090759,0.0,0.0,1.0,0.0,2.0,0.0,0.0,0.0,0.0,5.0,2.0,1.0,2.0,1.0,2.0,1.0,3.7,Abaixo da média
26090767,1.0,0.0,0.0,0.0,2.0,0.0,9.0,0.0,0.0,2.0,4.0,1.0,1.0,2.0,0.0,0.0,3.9,Abaixo da média
26009390,12.0,3.0,2.0,2.0,11.0,1.0,21.0,0.0,1.0,2.0,2.0,0.0,0.0,0.0,0.0,0.0,4.5,Acima da média
26009617,1.0,0.0,0.0,0.0,2.0,0.0,7.0,0.0,0.0,1.0,4.0,1.0,0.0,2.0,3.0,1.0,3.5,Abaixo da média
26111853,5.0,4.0,6.0,4.0,24.0,0.0,29.0,1.0,1.0,4.0,18.0,1.0,1.0,7.0,1.0,3.0,3.7,Abaixo da média
26090864,0.0,1.0,2.0,0.0,10.0,0.0,8.0,0.0,1.0,2.0,10.0,1.0,1.0,3.0,1.0,3.0,3.5,Abaixo da média
26090902,15.0,10.0,13.0,2.0,29.0,1.0,21.0,0.0,0.0,5.0,5.0,0.0,0.0,0.0,0.0,0.0,5.3,Acima da média
26090910,11.0,5.0,11.0,3.0,47.0,1.0,35.0,0.0,0.0,8.0,26.0,0.0,1.0,7.0,2.0,5.0,3.7,Abaixo da média
26090970,43.0,24.0,24.0,5.0,56.0,0.0,45.0,0.0,0.0,1.0,0.0,1.0,0.0,0.0,0.0,0.0,6.5,Acima da média
26113198,2.0,2.0,3.0,0.0,13.0,0.0,9.0,1.0,1.0,3.0,4.0,1.0,0.0,0.0,0.0,0.0,3.2,Abaixo da média
26113210,4.0,3.0,7.0,1.0,16.0,0.0,24.0,1.0,1.0,2.0,8.0,1.0,0.0,2.0,1.0,1.0,4.2,Acima da média
26113325,1.0,0.0,1.0,0.0,1.0,1.0,1.0,1.0,1.0,1.0,3.0,1.0,0.0,2.0,0.0,0.0,4.0,Média
26113635,2.0,2.0,3.0,2.0,9.0,1.0,7.0,0.0,0.0,3.0,5.0,1.0,1.0,1.0,0.0,1.0,4.1,Acima da média
26113724,1.0,2.0,2.0,0.0,4.0,0.0,8.0,1.0,1.0,2.0,2.0,1.0,0.0,0.0,0.0,0.0,3.5,Abaixo da média
26113783,6.0,3.0,10.0,2.0,15.0,0.0,22.0,0.0,0.0,5.0,1.0,0.0,0.0,0.0,0.0,0.0,4.4,Acima da média
26113856,2.0,0.0,3.0,0.0,15.0,0.0,8.0,1.0,1.0,6.0,3.0,1.0,1.0,2.0,0.0,1.0,3.5,Abaixo da média
26113929,2.0,6.0,8.0,2.0,29.0,1.0,20.0,1.0,1.0,19.0,39.0,1.0,8.0,19.0,12.0,8.0,3.5,Abaixo da média
26114607,2.0,1.0,4.0,1.0,9.0,1.0,9.0,0.0,0.0,1.0,4.0,1.0,0.0,3.0,0.0,0.0,4.1,Acima da média
26114852,5.0,4.0,8.0,1.0,15.0,0.0,10.0,0.0,0.0,3.0,4.0,1.0,0.0,3.0,0.0,0.0,3.9,Abaixo da média
26115085,1.0,0.0,0.0,0.0,3.0,0.0,4.0,0.0,0.0,3.0,1.0,1.0,0.0,2.0,1.0,0.0,3.6,Abaixo da média
26135555,4.0,2.0,2.0,1.0,14.0,0.0,13.0,1.0,1.0,2.0,2.0,1.0,1.0,0.0,0.0,0.0,3.9,Abaixo da média
26136455,4.0,1.0,2.0,1.0,8.0,0.0,7.0,0.0,0.0,1.0,2.0,0.0,0.0,3.0,0.0,1.0,5.2,Acima da média
26033364,9.0,3.0,0.0,2.0,10.0,0.0,22.0,0.0,0.0,4.0,2.0,0.0,0.0,1.0,0.0,1.0,3.6,Abaixo da média
26146967,1.0,2.0,2.0,2.0,3.0,1.0,4.0,1.0,1.0,2.0,1.0,0.0,0.0,1.0,0.0,0.0,3.4,Abaixo da média
26005115,20.0,7.0,7.0,2.0,25.0,1.0,29.0,0.0,0.0,3.0,2.0,0.0,1.0,0.0,0.0,0.0,4.7,Acima da média
26006138,17.0,11.0,6.0,8.0,25.0,0.0,43.0,1.0,1.0,23.0,17.0,1.0,8.0,16.0,12.0,8.0,2.8,Abaixo da média
26006499,6.0,2.0,1.0,4.0,19.0,0.0,38.0,0.0,0.0,21.0,11.0,1.0,2.0,17.0,8.0,8.0,3.7,Abaixo da média
26101203,1.0,0.0,0.0,0.0,4.0,1.0,6.0,0.0,1.0,6.0,6.0,0.0,1.0,6.0,2.0,3.0,3.3,Abaixo da média
26101610,0.0,0.0,1.0,0.0,7.0,0.0,5.0,1.0,1.0,13.0,6.0,0.0,1.0,6.0,4.0,1.0,3.2,Abaixo da média
26167158,7.0,2.0,1.0,4.0,18.0,0.0,29.0,0.0,1.0,4.0,22.0,1.0,4.0,7.0,3.0,4.0,3.7,Abaixo da média
26178222,27.0,9.0,12.0,6.0,46.0,1.0,40.0,0.0,0.0,2.0,1.0,0.0,0.0,1.0,0.0,0.0,4.9,Acima da média
26148021,9.0,1.0,2.0,5.0,35.0,0.0,34.0,0.0,0.0,22.0,18.0,0.0,10.0,15.0,25.0,6.0,3.6,Abaixo da média
26010348,11.0,2.0,8.0,4.0,17.0,0.0,44.0,0.0,0.0,22.0,18.0,1.0,7.0,10.0,22.0,5.0,3.5,Abaixo da média
26070782,6.0,1.0,2.0,3.0,13.0,1.0,35.0,0.0,0.0,9.0,10.0,1.0,0.0,6.0,4.0,3.0,3.8,Abaixo da média
26091259,11.0,2.0,6.0,0.0,26.0,1.0,32.0,0.0,0.0,0.0,16.0,0.0,0.0,6.0,0.0,0.0,4.6,Acima da média
26091267,7.0,5.0,5.0,8.0,37.0,0.0,36.0,0.0,1.0,10.0,35.0,0.0,5.0,14.0,13.0,8.0,3.5,Abaixo da média
26091291,0.0,0.0,1.0,0.0,5.0,1.0,3.0,1.0,1.0,0.0,0.0,0.0,0.0,0.0,0.0,0.0,4.7,Acima da média
26091542,1.0,1.0,3.0,0.0,7.0,0.0,11.0,1.0,1.0,5.0,7.0,1.0,2.0,4.0,0.0,1.0,3.4,Abaixo da média
26169975,3.0,1.0,0.0,4.0,12.0,0.0,15.0,1.0,1.0,1.0,6.0,1.0,1.0,1.0,0.0,1.0,2.5,Abaixo da média
26115883,42.0,18.0,36.0,13.0,96.0,1.0,96.0,0.0,0.0,10.0,6.0,0.0,0.0,0.0,0.0,1.0,4.4,Acima da média
26115913,6.0,8.0,9.0,2.0,29.0,0.0,31.0,1.0,1.0,7.0,6.0,1.0,1.0,4.0,1.0,2.0,4.0,Média
26116324,28.0,14.0,26.0,13.0,47.0,1.0,61.0,0.0,1.0,4.0,1.0,0.0,1.0,0.0,0.0,0.0,4.9,Acima da média
26116367,6.0,5.0,6.0,3.0,19.0,0.0,15.0,1.0,1.0,6.0,1.0,1.0,0.0,0.0,0.0,0.0,4.1,Acima da média
26116391,5.0,4.0,9.0,4.0,22.0,0.0,21.0,1.0,1.0,4.0,6.0,1.0,1.0,5.0,3.0,2.0,3.8,Abaixo da média
26116413,3.0,3.0,9.0,4.0,27.0,0.0,27.0,1.0,1.0,4.0,7.0,1.0,1.0,4.0,0.0,2.0,4.1,Acima da média
26117010,0.0,1.0,2.0,0.0,8.0,0.0,8.0,1.0,1.0,3.0,1.0,1.0,0.0,0.0,0.0,0.0,3.8,Abaixo da média
26117088,1.0,0.0,1.0,0.0,3.0,0.0,1.0,1.0,1.0,0.0,0.0,1.0,0.0,0.0,0.0,0.0,3.8,Abaixo da média
26117274,3.0,1.0,3.0,1.0,5.0,1.0,10.0,0.0,0.0,1.0,4.0,1.0,2.0,1.0,0.0,0.0,3.6,Abaixo da média
26117290,18.0,16.0,11.0,3.0,46.0,1.0,47.0,0.0,0.0,3.0,3.0,0.0,1.0,1.0,0.0,0.0,4.4,Acima da média
26048078,1.0,2.0,3.0,1.0,10.0,0.0,20.0,0.0,1.0,10.0,12.0,1.0,3.0,7.0,8.0,5.0,3.6,Abaixo da média
26058952,0.0,2.0,1.0,1.0,4.0,0.0,3.0,1.0,1.0,3.0,0.0,1.0,0.0,1.0,2.0,0.0,2.8,Abaixo da média
26058960,7.0,3.0,8.0,4.0,15.0,0.0,42.0,0.0,0.0,26.0,22.0,0.0,10.0,11.0,13.0,9.0,3.5,Abaixo da média
26042037,14.0,8.0,15.0,8.0,49.0,1.0,44.0,1.0,1.0,9.0,11.0,0.0,4.0,2.0,2.0,1.0,3.8,Abaixo da média
26042045,0.0,0.0,2.0,2.0,18.0,1.0,17.0,0.0,1.0,4.0,13.0,1.0,2.0,13.0,2.0,0.0,3.3,Abaixo da média
26042070,26.0,8.0,12.0,5.0,42.0,0.0,49.0,0.0,0.0,1.0,4.0,0.0,0.0,0.0,0.0,0.0,4.9,Acima da média
26042312,0.0,0.0,0.0,0.0,3.0,0.0,6.0,0.0,0.0,2.0,0.0,1.0,0.0,1.0,2.0,2.0,3.4,Abaixo da média
26154358,3.0,2.0,2.0,2.0,15.0,0.0,20.0,0.0,1.0,4.0,1.0,1.0,0.0,2.0,0.0,0.0,4.1,Acima da média
26033879,41.0,19.0,30.0,12.0,88.0,1.0,103.0,0.0,0.0,3.0,4.0,0.0,0.0,1.0,0.0,0.0,4.9,Acima da média
26034310,4.0,1.0,1.0,0.0,10.0,0.0,15.0,1.0,1.0,6.0,6.0,1.0,0.0,3.0,1.0,1.0,3.5,Abaixo da média
26034328,1.0,0.0,0.0,3.0,7.0,0.0,12.0,1.0,1.0,6.0,10.0,1.0,5.0,7.0,4.0,2.0,3.6,Abaixo da média
26034336,21.0,7.0,14.0,5.0,45.0,0.0,42.0,0.0,0.0,7.0,9.0,1.0,2.0,6.0,0.0,2.0,4.3,Acima da média
26034352,21.0,8.0,20.0,6.0,42.0,1.0,46.0,0.0,0.0,2.0,4.0,0.0,1.0,0.0,0.0,0.0,5.0,Acima da média
26034360,0.0,1.0,0.0,2.0,13.0,0.0,29.0,0.0,1.0,5.0,4.0,1.0,0.0,2.0,2.0,3.0,3.2,Abaixo da média
26034425,0.0,1.0,2.0,1.0,15.0,0.0,16.0,0.0,0.0,8.0,10.0,1.0,0.0,4.0,3.0,2.0,3.3,Abaixo da média
26034441,31.0,16.0,25.0,10.0,57.0,1.0,70.0,0.0,0.0,10.0,17.0,1.0,3.0,7.0,1.0,3.0,3.7,Abaixo da média
26034476,11.0,4.0,11.0,4.0,29.0,0.0,41.0,1.0,1.0,6.0,13.0,1.0,3.0,8.0,4.0,0.0,4.4,Acima da média
26034832,3.0,2.0,1.0,2.0,6.0,0.0,16.0,1.0,1.0,4.0,4.0,1.0,0.0,3.0,0.0,0.0,3.7,Abaixo da média
26035049,8.0,4.0,9.0,5.0,37.0,0.0,44.0,0.0,1.0,11.0,6.0,1.0,3.0,3.0,1.0,1.0,3.9,Abaixo da média
26035111,3.0,1.0,4.0,1.0,8.0,1.0,12.0,0.0,0.0,4.0,3.0,1.0,1.0,5.0,0.0,0.0,4.4,Acima da média
26035138,0.0,0.0,1.0,0.0,3.0,0.0,7.0,1.0,1.0,2.0,2.0,1.0,2.0,4.0,1.0,1.0,3.2,Abaixo da média
26035146,21.0,10.0,23.0,16.0,73.0,0.0,68.0,0.0,1.0,12.0,19.0,1.0,6.0,10.0,8.0,4.0,3.7,Abaixo da média
26035251,0.0,0.0,0.0,0.0,0.0,0.0,4.0,1.0,1.0,0.0,0.0,1.0,0.0,0.0,0.0,0.0,4.2,Acima da média
26035340,0.0,1.0,3.0,0.0,14.0,0.0,17.0,0.0,0.0,2.0,7.0,1.0,3.0,4.0,4.0,1.0,3.8,Abaixo da média
26035367,2.0,0.0,5.0,2.0,9.0,0.0,14.0,1.0,1.0,6.0,18.0,1.0,4.0,7.0,6.0,2.0,3.5,Abaixo da média
26035502,1.0,1.0,1.0,2.0,12.0,0.0,17.0,1.0,1.0,2.0,6.0,1.0,2.0,2.0,2.0,1.0,3.6,Abaixo da média
26035553,23.0,12.0,27.0,6.0,58.0,1.0,52.0,0.0,0.0,2.0,6.0,1.0,0.0,0.0,0.0,1.0,6.0,Acima da média
26035561,6.0,6.0,11.0,5.0,29.0,0.0,41.0,0.0,1.0,2.0,16.0,1.0,1.0,7.0,1.0,4.0,3.7,Abaixo da média
26035600,6.0,4.0,8.0,2.0,31.0,1.0,38.0,0.0,0.0,4.0,7.0,1.0,0.0,3.0,0.0,0.0,4.3,Acima da média
26035979,7.0,3.0,2.0,3.0,19.0,0.0,16.0,0.0,1.0,3.0,2.0,1.0,0.0,1.0,0.0,0.0,4.8,Acima da média
26036037,8.0,5.0,10.0,9.0,42.0,0.0,44.0,0.0,0.0,7.0,15.0,1.0,1.0,2.0,1.0,1.0,3.7,Abaixo da média
26036045,12.0,5.0,12.0,8.0,34.0,0.0,29.0,0.0,0.0,2.0,9.0,1.0,1.0,2.0,1.0,3.0,3.3,Abaixo da média
26036118,1.0,2.0,1.0,0.0,20.0,1.0,19.0,0.0,1.0,2.0,1.0,1.0,1.0,0.0,1.0,0.0,4.0,Média
26036134,5.0,1.0,4.0,2.0,9.0,0.0,16.0,1.0,1.0,10.0,3.0,1.0,1.0,1.0,7.0,2.0,3.8,Abaixo da média
26036169,5.0,1.0,0.0,3.0,9.0,0.0,15.0,1.0,1.0,4.0,5.0,1.0,1.0,4.0,1.0,0.0,3.5,Abaixo da média
26036177,0.0,0.0,1.0,2.0,10.0,0.0,14.0,1.0,1.0,6.0,4.0,1.0,2.0,5.0,3.0,1.0,3.2,Abaixo da média
26036193,0.0,0.0,0.0,2.0,5.0,0.0,9.0,1.0,1.0,5.0,4.0,1.0,4.0,4.0,4.0,3.0,3.6,Abaixo da média
26036207,0.0,0.0,1.0,2.0,4.0,0.0,10.0,1.0,1.0,12.0,12.0,1.0,3.0,3.0,8.0,3.0,3.8,Abaixo da média
26036215,1.0,0.0,3.0,1.0,3.0,0.0,6.0,0.0,0.0,1.0,2.0,1.0,0.0,0.0,2.0,0.0,4.0,Média
26036223,1.0,1.0,0.0,1.0,2.0,0.0,13.0,1.0,1.0,3.0,5.0,1.0,0.0,6.0,1.0,1.0,3.1,Abaixo da média
26036266,1.0,0.0,1.0,1.0,1.0,0.0,6.0,0.0,0.0,3.0,2.0,1.0,1.0,1.0,3.0,0.0,4.0,Média
26138875,22.0,16.0,24.0,8.0,42.0,1.0,41.0,0.0,0.0,0.0,1.0,1.0,0.0,0.0,0.0,0.0,6.7,Acima da média
26018977,23.0,13.0,8.0,8.0,30.0,0.0,22.0,0.0,0.0,1.0,2.0,1.0,0.0,0.0,0.0,0.0,5.7,Acima da média
26132735,1.0,0.0,1.0,0.0,3.0,1.0,2.0,1.0,1.0,1.0,4.0,0.0,1.0,0.0,0.0,0.0,4.4,Acima da média
26107651,3.0,3.0,5.0,1.0,20.0,0.0,33.0,1.0,1.0,3.0,23.0,1.0,4.0,11.0,3.0,2.0,3.6,Abaixo da média
26119730,20.0,20.0,27.0,12.0,32.0,0.0,20.0,0.0,0.0,0.0,0.0,1.0,0.0,0.0,0.0,0.0,7.7,Acima da média
26120100,3.0,4.0,7.0,2.0,21.0,1.0,17.0,1.0,1.0,12.0,16.0,1.0,4.0,13.0,5.0,4.0,3.3,Abaixo da média
26120992,36.0,26.0,33.0,10.0,60.0,1.0,52.0,0.0,0.0,5.0,7.0,1.0,0.0,2.0,0.0,0.0,4.6,Acima da média
26121670,5.0,4.0,9.0,3.0,23.0,0.0,20.0,1.0,1.0,10.0,7.0,1.0,0.0,7.0,3.0,2.0,3.3,Abaixo da média
26121859,5.0,3.0,9.0,5.0,12.0,0.0,4.0,0.0,0.0,1.0,0.0,1.0,0.0,0.0,0.0,0.0,3.9,Abaixo da média
26122120,29.0,28.0,34.0,9.0,54.0,1.0,70.0,0.0,0.0,2.0,11.0,1.0,1.0,3.0,0.0,0.0,5.4,Acima da média
26122260,5.0,4.0,5.0,2.0,10.0,1.0,12.0,1.0,1.0,2.0,2.0,1.0,1.0,1.0,1.0,1.0,3.9,Abaixo da média
26122278,11.0,12.0,12.0,5.0,26.0,1.0,28.0,0.0,0.0,5.0,3.0,1.0,0.0,3.0,0.0,1.0,4.9,Acima da média
26122960,9.0,9.0,14.0,5.0,37.0,1.0,27.0,0.0,0.0,15.0,29.0,0.0,3.0,15.0,4.0,4.0,3.7,Abaixo da média
26123517,5.0,6.0,13.0,5.0,44.0,0.0,51.0,0.0,0.0,20.0,33.0,1.0,6.0,15.0,12.0,7.0,3.7,Abaixo da média
26123533,2.0,6.0,8.0,3.0,27.0,0.0,32.0,1.0,1.0,13.0,20.0,1.0,2.0,10.0,5.0,3.0,3.5,Abaixo da média
26123703,6.0,5.0,11.0,3.0,21.0,1.0,29.0,0.0,0.0,1.0,2.0,0.0,0.0,1.0,0.0,0.0,4.3,Acima da média
26124432,2.0,5.0,11.0,2.0,23.0,1.0,25.0,0.0,1.0,5.0,1.0,1.0,0.0,0.0,0.0,0.0,3.9,Abaixo da média
26124653,12.0,6.0,24.0,3.0,64.0,1.0,70.0,0.0,0.0,37.0,33.0,1.0,11.0,20.0,16.0,10.0,3.7,Abaixo da média
26124670,6.0,7.0,8.0,1.0,45.0,1.0,42.0,1.0,1.0,19.0,15.0,1.0,4.0,10.0,6.0,7.0,3.7,Abaixo da média
26125013,1.0,0.0,4.0,1.0,8.0,0.0,7.0,0.0,0.0,5.0,7.0,1.0,1.0,4.0,1.0,3.0,4.1,Acima da média
26125641,6.0,7.0,9.0,4.0,9.0,1.0,8.0,0.0,0.0,3.0,3.0,0.0,0.0,0.0,0.0,1.0,4.3,Acima da média
26125781,9.0,11.0,13.0,6.0,35.0,1.0,27.0,0.0,0.0,3.0,3.0,0.0,0.0,1.0,0.0,0.0,4.9,Acima da média
26125943,2.0,0.0,4.0,0.0,7.0,1.0,6.0,1.0,1.0,1.0,0.0,1.0,2.0,0.0,1.0,0.0,3.7,Abaixo da média
26125978,6.0,1.0,8.0,4.0,23.0,0.0,24.0,0.0,0.0,4.0,2.0,0.0,0.0,2.0,0.0,0.0,4.4,Acima da média
26126010,1.0,3.0,3.0,0.0,14.0,0.0,10.0,1.0,1.0,4.0,5.0,1.0,1.0,4.0,0.0,1.0,3.4,Abaixo da média
26126044,9.0,4.0,12.0,1.0,16.0,1.0,16.0,0.0,0.0,4.0,3.0,0.0,1.0,4.0,1.0,0.0,4.1,Acima da média
26126079,11.0,8.0,12.0,3.0,19.0,0.0,18.0,0.0,0.0,4.0,1.0,0.0,0.0,1.0,0.0,0.0,5.2,Acima da média
26126125,13.0,12.0,22.0,7.0,59.0,0.0,44.0,0.0,1.0,22.0,28.0,1.0,3.0,11.0,10.0,5.0,3.4,Abaixo da média
26126141,2.0,0.0,3.0,0.0,7.0,0.0,10.0,1.0,1.0,4.0,4.0,1.0,1.0,2.0,0.0,1.0,3.1,Abaixo da média
26126150,0.0,0.0,2.0,0.0,1.0,0.0,3.0,0.0,0.0,2.0,2.0,1.0,0.0,2.0,0.0,0.0,4.0,Média
26126206,2.0,3.0,0.0,0.0,3.0,0.0,3.0,1.0,1.0,0.0,0.0,1.0,1.0,0.0,2.0,0.0,3.4,Abaixo da média
26126443,1.0,0.0,2.0,1.0,3.0,1.0,4.0,0.0,0.0,3.0,1.0,1.0,0.0,1.0,2.0,1.0,3.8,Abaixo da média
26126605,4.0,2.0,3.0,1.0,15.0,1.0,16.0,0.0,1.0,6.0,7.0,1.0,2.0,2.0,2.0,4.0,3.2,Abaixo da média
26126613,0.0,1.0,5.0,2.0,13.0,0.0,14.0,1.0,1.0,8.0,11.0,1.0,3.0,5.0,6.0,6.0,3.5,Abaixo da média
26127423,2.0,0.0,3.0,0.0,13.0,0.0,11.0,1.0,1.0,5.0,9.0,1.0,5.0,8.0,7.0,3.0,3.5,Abaixo da média
26127431,14.0,12.0,11.0,5.0,26.0,1.0,35.0,0.0,0.0,20.0,14.0,1.0,3.0,12.0,6.0,7.0,3.8,Abaixo da média
26127474,6.0,3.0,5.0,2.0,24.0,0.0,19.0,0.0,0.0,11.0,13.0,1.0,6.0,4.0,6.0,1.0,3.9,Abaixo da média
26127512,9.0,2.0,12.0,6.0,32.0,1.0,28.0,0.0,0.0,17.0,23.0,1.0,4.0,16.0,14.0,7.0,3.4,Abaixo da média
26127571,3.0,4.0,7.0,2.0,22.0,0.0,21.0,1.0,1.0,10.0,7.0,1.0,3.0,8.0,3.0,5.0,3.7,Abaixo da média
26128160,2.0,0.0,2.0,0.0,4.0,0.0,10.0,1.0,1.0,3.0,6.0,1.0,3.0,4.0,0.0,2.0,3.6,Abaixo da média
26128527,1.0,2.0,2.0,2.0,9.0,0.0,4.0,1.0,1.0,10.0,8.0,1.0,3.0,4.0,3.0,4.0,3.3,Abaixo da média
26128594,2.0,1.0,1.0,1.0,3.0,0.0,4.0,1.0,1.0,1.0,3.0,1.0,1.0,0.0,0.0,1.0,3.9,Abaixo da média
26128721,9.0,6.0,13.0,2.0,26.0,1.0,23.0,0.0,0.0,6.0,2.0,0.0,0.0,0.0,0.0,0.0,4.3,Acima da média
26172712,38.0,19.0,37.0,8.0,60.0,1.0,58.0,0.0,0.0,2.0,4.0,0.0,0.0,2.0,0.0,0.0,5.0,Acima da média
26103370,5.0,1.0,0.0,0.0,12.0,0.0,15.0,1.0,1.0,8.0,13.0,0.0,3.0,9.0,1.0,4.0,3.2,Abaixo da média
26086077,2.0,0.0,1.0,0.0,8.0,1.0,22.0,0.0,1.0,1.0,9.0,0.0,0.0,3.0,2.0,1.0,4.6,Acima da média
26305615,1.0,0.0,1.0,1.0,11.0,0.0,8.0,0.0,0.0,1.0,2.0,0.0,0.0,3.0,1.0,2.0,4.5,Acima da média
26011069,40.0,19.0,18.0,12.0,57.0,1.0,58.0,0.0,0.0,4.0,3.0,0.0,0.0,0.0,0.0,0.0,5.4,Acima da média
26011344,10.0,9.0,10.0,0.0,34.0,1.0,42.0,0.0,0.0,7.0,6.0,0.0,0.0,1.0,0.0,1.0,4.5,Acima da média
26011352,2.0,3.0,0.0,3.0,4.0,0.0,12.0,0.0,0.0,2.0,3.0,1.0,0.0,1.0,0.0,1.0,3.4,Abaixo da média
26011611,4.0,1.0,5.0,1.0,8.0,1.0,16.0,0.0,0.0,10.0,19.0,1.0,2.0,11.0,3.0,2.0,3.8,Abaixo da média
26011883,11.0,6.0,18.0,5.0,24.0,1.0,28.0,0.0,0.0,2.0,8.0,1.0,3.0,2.0,0.0,1.0,3.9,Abaixo da média
26012081,0.0,0.0,1.0,0.0,3.0,0.0,5.0,1.0,1.0,1.0,3.0,1.0,0.0,1.0,0.0,0.0,4.2,Acima da média
26175509,1.0,2.0,1.0,2.0,3.0,0.0,6.0,0.0,0.0,7.0,3.0,0.0,4.0,4.0,7.0,1.0,3.3,Abaixo da média
26061023,17.0,2.0,6.0,8.0,30.0,1.0,39.0,0.0,0.0,0.0,6.0,0.0,1.0,1.0,0.0,0.0,4.6,Acima da média
26061112,2.0,0.0,0.0,1.0,3.0,0.0,5.0,1.0,1.0,3.0,3.0,1.0,1.0,0.0,2.0,1.0,3.3,Abaixo da média
26154803,10.0,3.0,6.0,6.0,15.0,0.0,29.0,0.0,1.0,1.0,12.0,0.0,0.0,4.0,2.0,3.0,4.1,Acima da média
26133985,9.0,3.0,3.0,1.0,6.0,0.0,16.0,0.0,0.0,2.0,7.0,0.0,1.0,2.0,0.0,2.0,4.3,Acima da média
26064006,3.0,0.0,0.0,0.0,9.0,0.0,18.0,0.0,0.0,6.0,5.0,1.0,4.0,5.0,2.0,0.0,4.4,Acima da média
26148447,3.0,0.0,5.0,6.0,17.0,0.0,46.0,1.0,1.0,34.0,21.0,1.0,7.0,14.0,15.0,6.0,3.6,Abaixo da média
26037599,1.0,2.0,1.0,2.0,20.0,0.0,19.0,0.0,1.0,12.0,15.0,1.0,3.0,7.0,5.0,3.0,2.2,Abaixo da média
26037904,6.0,3.0,3.0,4.0,14.0,0.0,21.0,1.0,1.0,12.0,23.0,1.0,10.0,9.0,5.0,7.0,3.3,Abaixo da média
26140144,11.0,4.0,2.0,4.0,19.0,0.0,39.0,0.0,0.0,17.0,20.0,1.0,8.0,14.0,14.0,8.0,2.4,Abaixo da média
26062410,13.0,4.0,5.0,6.0,32.0,1.0,31.0,0.0,1.0,2.0,2.0,0.0,0.0,0.0,0.0,0.0,5.0,Acima da média
26086638,6.0,2.0,2.0,2.0,26.0,1.0,25.0,1.0,1.0,9.0,11.0,0.0,5.0,8.0,5.0,1.0,3.9,Abaixo da média
26104229,12.0,8.0,6.0,4.0,40.0,1.0,36.0,0.0,1.0,3.0,2.0,0.0,0.0,0.0,0.0,0.0,4.5,Acima da média
26182084,1.0,0.0,0.0,0.0,8.0,0.0,3.0,1.0,1.0,0.0,3.0,1.0,0.0,1.0,0.0,0.0,3.1,Abaixo da média
26012359,30.0,6.0,13.0,7.0,36.0,1.0,45.0,0.0,0.0,1.0,2.0,0.0,0.0,0.0,0.0,0.0,5.1,Acima da média
26013185,3.0,2.0,2.0,5.0,23.0,0.0,19.0,0.0,0.0,11.0,12.0,1.0,6.0,6.0,3.0,5.0,3.6,Abaixo da média
26013436,2.0,0.0,1.0,1.0,2.0,0.0,13.0,1.0,1.0,0.0,1.0,1.0,0.0,2.0,0.0,0.0,4.2,Acima da média
26019825,2.0,3.0,2.0,0.0,6.0,1.0,24.0,0.0,1.0,4.0,3.0,0.0,1.0,5.0,2.0,0.0,3.8,Abaixo da média
26019949,2.0,1.0,0.0,2.0,6.0,0.0,10.0,1.0,1.0,8.0,2.0,1.0,1.0,2.0,2.0,0.0,4.0,Média
26129086,3.0,6.0,6.0,3.0,22.0,0.0,25.0,0.0,0.0,2.0,4.0,0.0,0.0,2.0,0.0,0.0,4.6,Acima da média
26129094,17.0,10.0,14.0,5.0,41.0,1.0,53.0,0.0,1.0,2.0,3.0,0.0,0.0,1.0,0.0,0.0,4.1,Acima da média
26129124,3.0,2.0,6.0,3.0,21.0,0.0,24.0,0.0,1.0,2.0,9.0,0.0,3.0,7.0,1.0,0.0,3.8,Abaixo da média
26129388,6.0,1.0,12.0,7.0,36.0,0.0,26.0,0.0,0.0,11.0,19.0,1.0,0.0,8.0,1.0,1.0,3.7,Abaixo da média
26071606,2.0,1.0,2.0,1.0,15.0,1.0,18.0,0.0,0.0,3.0,6.0,0.0,0.0,0.0,0.0,1.0,4.5,Acima da média
26071673,2.0,2.0,2.0,2.0,8.0,0.0,14.0,0.0,0.0,13.0,9.0,1.0,2.0,9.0,9.0,4.0,3.1,Abaixo da média
26020882,4.0,3.0,4.0,2.0,27.0,1.0,33.0,0.0,1.0,12.0,14.0,1.0,2.0,9.0,0.0,3.0,3.9,Abaixo da média
26020963,4.0,0.0,4.0,3.0,18.0,1.0,16.0,0.0,1.0,7.0,10.0,1.0,6.0,5.0,3.0,3.0,3.8,Abaixo da média
26020971,20.0,12.0,13.0,7.0,46.0,1.0,38.0,1.0,1.0,3.0,1.0,0.0,0.0,0.0,0.0,0.0,4.7,Acima da média
26020998,8.0,2.0,3.0,5.0,26.0,0.0,17.0,0.0,1.0,10.0,12.0,1.0,3.0,11.0,6.0,3.0,3.5,Abaixo da média
26021927,4.0,0.0,1.0,3.0,16.0,1.0,22.0,1.0,1.0,2.0,4.0,1.0,2.0,3.0,0.0,1.0,4.3,Acima da média
26013452,13.0,3.0,3.0,5.0,18.0,0.0,34.0,0.0,0.0,6.0,8.0,0.0,2.0,6.0,1.0,0.0,4.1,Acima da média
26029812,7.0,4.0,6.0,4.0,9.0,0.0,30.0,0.0,0.0,15.0,11.0,1.0,7.0,12.0,5.0,4.0,3.6,Abaixo da média
26169193,7.0,3.0,1.0,3.0,14.0,1.0,21.0,0.0,0.0,3.0,4.0,0.0,2.0,5.0,0.0,2.0,3.4,Abaixo da média
26008505,5.0,1.0,3.0,0.0,1.0,0.0,7.0,0.0,0.0,2.0,3.0,1.0,1.0,0.0,3.0,1.0,4.5,Acima da média
26022850,2.0,2.0,2.0,2.0,3.0,1.0,4.0,1.0,1.0,1.0,1.0,0.0,0.0,0.0,1.0,0.0,4.7,Acima da média
26064642,5.0,1.0,6.0,8.0,35.0,1.0,40.0,0.0,1.0,12.0,19.0,1.0,6.0,11.0,4.0,7.0,3.9,Abaixo da média
26065401,6.0,1.0,6.0,2.0,27.0,1.0,35.0,0.0,0.0,2.0,6.0,1.0,0.0,0.0,0.0,2.0,4.7,Acima da média
26023245,6.0,2.0,4.0,2.0,10.0,1.0,23.0,1.0,1.0,2.0,7.0,1.0,4.0,6.0,1.0,4.0,3.5,Abaixo da média
26023334,5.0,1.0,11.0,4.0,17.0,0.0,21.0,0.0,1.0,3.0,3.0,1.0,2.0,2.0,1.0,1.0,4.4,Acima da média
26133949,11.0,3.0,10.0,4.0,27.0,1.0,45.0,0.0,0.0,5.0,3.0,0.0,0.0,0.0,0.0,0.0,5.4,Acima da média
26043130,2.0,2.0,2.0,2.0,5.0,0.0,11.0,1.0,1.0,8.0,6.0,0.0,3.0,1.0,8.0,0.0,3.7,Abaixo da média
26043335,26.0,5.0,4.0,6.0,18.0,0.0,40.0,0.0,0.0,2.0,0.0,0.0,0.0,0.0,0.0,0.0,4.9,Acima da média
26103834,8.0,5.0,7.0,6.0,27.0,0.0,26.0,0.0,1.0,5.0,6.0,0.0,0.0,7.0,1.0,0.0,4.3,Acima da média
26065606,3.0,2.0,9.0,3.0,19.0,0.0,46.0,0.0,0.0,14.0,10.0,1.0,5.0,6.0,5.0,3.0,3.2,Abaixo da média
26081180,2.0,0.0,1.0,3.0,13.0,0.0,13.0,0.0,0.0,2.0,11.0,1.0,1.0,3.0,3.0,4.0,4.3,Acima da média
26091828,3.0,1.0,5.0,3.0,27.0,1.0,34.0,0.0,1.0,27.0,26.0,0.0,3.0,22.0,5.0,9.0,3.5,Abaixo da média
26066181,8.0,6.0,5.0,4.0,38.0,0.0,62.0,0.0,0.0,16.0,32.0,0.0,6.0,16.0,7.0,2.0,3.1,Abaixo da média
26066220,1.0,2.0,4.0,2.0,17.0,0.0,27.0,0.0,1.0,6.0,9.0,0.0,0.0,3.0,0.0,0.0,4.1,Acima da média
26092301,5.0,3.0,3.0,0.0,6.0,1.0,10.0,0.0,1.0,0.0,1.0,0.0,0.0,1.0,0.0,0.0,4.6,Acima da média
26008530,23.0,5.0,9.0,5.0,29.0,0.0,43.0,0.0,0.0,1.0,4.0,0.0,0.0,2.0,0.0,0.0,4.7,Acima da média
26008882,2.0,0.0,0.0,0.0,4.0,0.0,16.0,1.0,1.0,8.0,4.0,1.0,1.0,7.0,2.0,1.0,3.5,Abaixo da média
26048337,14.0,3.0,4.0,6.0,23.0,1.0,39.0,0.0,0.0,7.0,23.0,0.0,7.0,20.0,2.0,7.0,4.0,Média
26024578,0.0,0.0,1.0,2.0,3.0,0.0,4.0,0.0,0.0,4.0,2.0,1.0,1.0,3.0,1.0,0.0,3.8,Abaixo da média
26024616,2.0,0.0,0.0,1.0,0.0,0.0,6.0,0.0,0.0,2.0,4.0,1.0,3.0,5.0,2.0,0.0,2.9,Abaixo da média
26049406,11.0,2.0,6.0,3.0,27.0,1.0,26.0,0.0,0.0,3.0,5.0,0.0,1.0,1.0,0.0,0.0,4.9,Acima da média
26049422,0.0,0.0,0.0,1.0,1.0,0.0,3.0,1.0,1.0,3.0,7.0,1.0,1.0,5.0,0.0,0.0,3.7,Abaixo da média
26014190,8.0,2.0,4.0,1.0,20.0,0.0,23.0,0.0,0.0,1.0,3.0,0.0,1.0,1.0,0.0,0.0,4.7,Acima da média
26092786,16.0,3.0,3.0,6.0,32.0,1.0,34.0,0.0,0.0,2.0,3.0,0.0,0.0,0.0,0.0,0.0,4.6,Acima da média
26094860,1.0,2.0,1.0,0.0,18.0,1.0,13.0,1.0,1.0,17.0,13.0,1.0,6.0,10.0,14.0,5.0,3.5,Abaixo da média
26094878,6.0,2.0,4.0,5.0,31.0,0.0,24.0,0.0,1.0,15.0,28.0,0.0,8.0,19.0,6.0,6.0,3.8,Abaixo da média
26095297,1.0,1.0,3.0,1.0,21.0,1.0,19.0,1.0,1.0,2.0,8.0,1.0,2.0,3.0,0.0,2.0,4.1,Acima da média
26095335,5.0,1.0,3.0,1.0,13.0,1.0,18.0,0.0,1.0,3.0,5.0,0.0,0.0,2.0,0.0,0.0,4.8,Acima da média
26095920,0.0,0.0,0.0,0.0,2.0,0.0,3.0,1.0,1.0,1.0,6.0,1.0,1.0,2.0,1.0,0.0,3.8,Abaixo da média
